-- Generated by Craft v2.4.2692 on 19/09/2015, 2:31:13 PM.

--
-- Disable foreign key checks and autocommit.
--

SET FOREIGN_KEY_CHECKS = 0;
SET SQL_MODE = "NO_AUTO_VALUE_ON_ZERO";
SET AUTOCOMMIT = 0;
SET NAMES utf8;


DROP TABLE IF EXISTS `craft_assetfiles`;


--
-- Schema for table `craft_assetfiles`
--
CREATE TABLE `craft_assetfiles` (
  `id` int(11) NOT NULL,
  `sourceId` int(11) DEFAULT NULL,
  `folderId` int(11) NOT NULL,
  `filename` varchar(255) COLLATE utf8_unicode_ci NOT NULL,
  `kind` varchar(50) COLLATE utf8_unicode_ci NOT NULL DEFAULT 'unknown',
  `width` smallint(6) unsigned DEFAULT NULL,
  `height` smallint(6) unsigned DEFAULT NULL,
  `size` int(11) unsigned DEFAULT NULL,
  `dateModified` datetime DEFAULT NULL,
  `dateCreated` datetime NOT NULL,
  `dateUpdated` datetime NOT NULL,
  `uid` char(36) COLLATE utf8_unicode_ci NOT NULL DEFAULT '0',
  PRIMARY KEY (`id`),
  UNIQUE KEY `craft_assetfiles_filename_folderId_unq_idx` (`filename`,`folderId`),
  KEY `craft_assetfiles_sourceId_fk` (`sourceId`),
  KEY `craft_assetfiles_folderId_fk` (`folderId`)
) ENGINE=InnoDB DEFAULT CHARSET=utf8 COLLATE=utf8_unicode_ci;

--
-- Data for table `craft_assetfiles`
--

INSERT INTO `craft_assetfiles` (`id`, `sourceId`, `folderId`, `filename`, `kind`, `width`, `height`, `size`, `dateModified`, `dateCreated`, `dateUpdated`, `uid`) VALUES ('23', '1', '1', 'apple-touch-icon-114x114.png', 'image', '114', '114', '25556', '2014-01-10 04:24:59', '2015-08-29 06:46:07', '2015-08-29 06:46:07', '59eaf8ba-ba4b-47f2-86d1-0ddfdb08c291');
INSERT INTO `craft_assetfiles` (`id`, `sourceId`, `folderId`, `filename`, `kind`, `width`, `height`, `size`, `dateModified`, `dateCreated`, `dateUpdated`, `uid`) VALUES ('24', '1', '1', 'DSC_9927.jpg', 'image', '1500', '1004', '480000', '2015-08-29 06:51:32', '2015-08-29 06:51:32', '2015-08-29 06:51:32', '810f66a7-4ff7-460a-9336-4963d06e792b');
INSERT INTO `craft_assetfiles` (`id`, `sourceId`, `folderId`, `filename`, `kind`, `width`, `height`, `size`, `dateModified`, `dateCreated`, `dateUpdated`, `uid`) VALUES ('25', '1', '1', 'DSC_9919.jpg', 'image', '1500', '1004', '339561', '2015-08-29 06:56:51', '2015-08-29 06:56:51', '2015-08-29 06:56:51', '8d00184a-1d54-4fd3-acd8-d481ef2a673b');



DROP TABLE IF EXISTS `craft_assetfolders`;


--
-- Schema for table `craft_assetfolders`
--
CREATE TABLE `craft_assetfolders` (
  `id` int(11) NOT NULL AUTO_INCREMENT,
  `parentId` int(11) DEFAULT NULL,
  `sourceId` int(11) DEFAULT NULL,
  `name` varchar(255) COLLATE utf8_unicode_ci NOT NULL,
  `path` varchar(255) COLLATE utf8_unicode_ci DEFAULT NULL,
  `dateCreated` datetime NOT NULL,
  `dateUpdated` datetime NOT NULL,
  `uid` char(36) COLLATE utf8_unicode_ci NOT NULL DEFAULT '0',
  PRIMARY KEY (`id`),
  UNIQUE KEY `craft_assetfolders_name_parentId_sourceId_unq_idx` (`name`,`parentId`,`sourceId`),
  KEY `craft_assetfolders_parentId_fk` (`parentId`),
  KEY `craft_assetfolders_sourceId_fk` (`sourceId`)
) ENGINE=InnoDB AUTO_INCREMENT=2 DEFAULT CHARSET=utf8 COLLATE=utf8_unicode_ci;

--
-- Data for table `craft_assetfolders`
--

INSERT INTO `craft_assetfolders` (`id`, `parentId`, `sourceId`, `name`, `path`, `dateCreated`, `dateUpdated`, `uid`) VALUES ('1', NULL, '1', 'images', '', '2015-08-23 11:17:17', '2015-08-23 11:17:17', 'a0a1fe81-6412-4b29-bf11-294e70129118');



DROP TABLE IF EXISTS `craft_assetindexdata`;


--
-- Schema for table `craft_assetindexdata`
--
CREATE TABLE `craft_assetindexdata` (
  `id` int(11) NOT NULL AUTO_INCREMENT,
  `sessionId` varchar(36) COLLATE utf8_unicode_ci NOT NULL DEFAULT '',
  `sourceId` int(10) NOT NULL,
  `offset` int(10) NOT NULL,
  `uri` varchar(255) COLLATE utf8_unicode_ci DEFAULT NULL,
  `size` int(10) DEFAULT NULL,
  `recordId` int(10) DEFAULT NULL,
  `dateCreated` datetime NOT NULL,
  `dateUpdated` datetime NOT NULL,
  `uid` char(36) COLLATE utf8_unicode_ci NOT NULL DEFAULT '0',
  PRIMARY KEY (`id`),
  UNIQUE KEY `craft_assetindexdata_sessionId_sourceId_offset_unq_idx` (`sessionId`,`sourceId`,`offset`),
  KEY `craft_assetindexdata_sourceId_fk` (`sourceId`)
) ENGINE=InnoDB DEFAULT CHARSET=utf8 COLLATE=utf8_unicode_ci;

DROP TABLE IF EXISTS `craft_assetsources`;


--
-- Schema for table `craft_assetsources`
--
CREATE TABLE `craft_assetsources` (
  `id` int(11) NOT NULL AUTO_INCREMENT,
  `name` varchar(255) COLLATE utf8_unicode_ci NOT NULL,
  `handle` varchar(255) COLLATE utf8_unicode_ci NOT NULL,
  `type` varchar(150) COLLATE utf8_unicode_ci NOT NULL,
  `settings` text COLLATE utf8_unicode_ci,
  `sortOrder` tinyint(4) DEFAULT NULL,
  `fieldLayoutId` int(10) DEFAULT NULL,
  `dateCreated` datetime NOT NULL,
  `dateUpdated` datetime NOT NULL,
  `uid` char(36) COLLATE utf8_unicode_ci NOT NULL DEFAULT '0',
  PRIMARY KEY (`id`),
  UNIQUE KEY `craft_assetsources_name_unq_idx` (`name`),
  UNIQUE KEY `craft_assetsources_handle_unq_idx` (`handle`),
  KEY `craft_assetsources_fieldLayoutId_fk` (`fieldLayoutId`)
) ENGINE=InnoDB AUTO_INCREMENT=2 DEFAULT CHARSET=utf8 COLLATE=utf8_unicode_ci;

--
-- Data for table `craft_assetsources`
--

INSERT INTO `craft_assetsources` (`id`, `name`, `handle`, `type`, `settings`, `sortOrder`, `fieldLayoutId`, `dateCreated`, `dateUpdated`, `uid`) VALUES ('1', 'images', 'images', 'Local', '{\"path\":\"source-assets\\/images\\/\",\"url\":\"\\/source-assets\\/images\\/\"}', '1', '25', '2015-08-23 11:17:17', '2015-08-29 06:51:10', '88bd243d-d2a6-499e-a77d-d12a0f613f98');



DROP TABLE IF EXISTS `craft_assettransformindex`;


--
-- Schema for table `craft_assettransformindex`
--
CREATE TABLE `craft_assettransformindex` (
  `id` int(11) NOT NULL AUTO_INCREMENT,
  `fileId` int(11) NOT NULL,
  `filename` varchar(255) COLLATE utf8_unicode_ci DEFAULT NULL,
  `format` varchar(255) COLLATE utf8_unicode_ci DEFAULT NULL,
  `location` varchar(255) COLLATE utf8_unicode_ci NOT NULL,
  `sourceId` int(11) DEFAULT NULL,
  `fileExists` tinyint(1) DEFAULT NULL,
  `inProgress` tinyint(1) DEFAULT NULL,
  `dateIndexed` datetime DEFAULT NULL,
  `dateCreated` datetime NOT NULL,
  `dateUpdated` datetime NOT NULL,
  `uid` char(36) COLLATE utf8_unicode_ci NOT NULL DEFAULT '0',
  PRIMARY KEY (`id`),
  KEY `craft_assettransformindex_sourceId_fileId_location_idx` (`sourceId`,`fileId`,`location`)
) ENGINE=InnoDB AUTO_INCREMENT=12 DEFAULT CHARSET=utf8 COLLATE=utf8_unicode_ci;

DROP TABLE IF EXISTS `craft_assettransforms`;


--
-- Schema for table `craft_assettransforms`
--
CREATE TABLE `craft_assettransforms` (
  `id` int(11) NOT NULL AUTO_INCREMENT,
  `name` varchar(255) COLLATE utf8_unicode_ci NOT NULL,
  `handle` varchar(255) COLLATE utf8_unicode_ci NOT NULL,
  `mode` enum('stretch','fit','crop') COLLATE utf8_unicode_ci NOT NULL DEFAULT 'crop',
  `position` enum('top-left','top-center','top-right','center-left','center-center','center-right','bottom-left','bottom-center','bottom-right') COLLATE utf8_unicode_ci NOT NULL DEFAULT 'center-center',
  `height` int(10) DEFAULT NULL,
  `width` int(10) DEFAULT NULL,
  `format` varchar(255) COLLATE utf8_unicode_ci DEFAULT NULL,
  `quality` int(10) DEFAULT NULL,
  `dimensionChangeTime` datetime DEFAULT NULL,
  `dateCreated` datetime NOT NULL,
  `dateUpdated` datetime NOT NULL,
  `uid` char(36) COLLATE utf8_unicode_ci NOT NULL DEFAULT '0',
  PRIMARY KEY (`id`),
  UNIQUE KEY `craft_assettransforms_name_unq_idx` (`name`),
  UNIQUE KEY `craft_assettransforms_handle_unq_idx` (`handle`)
) ENGINE=InnoDB AUTO_INCREMENT=2 DEFAULT CHARSET=utf8 COLLATE=utf8_unicode_ci;

--
-- Data for table `craft_assettransforms`
--

INSERT INTO `craft_assettransforms` (`id`, `name`, `handle`, `mode`, `position`, `height`, `width`, `format`, `quality`, `dimensionChangeTime`, `dateCreated`, `dateUpdated`, `uid`) VALUES ('1', 'thumb', 'thumb', 'crop', 'center-center', '100', '100', NULL, '90', '2015-08-23 11:25:06', '2015-08-23 11:25:06', '2015-08-23 11:25:06', 'c53912a6-eb0f-4a28-82bb-5704a74357e3');



DROP TABLE IF EXISTS `craft_categories`;


--
-- Schema for table `craft_categories`
--
CREATE TABLE `craft_categories` (
  `id` int(11) NOT NULL,
  `groupId` int(11) NOT NULL,
  `dateCreated` datetime NOT NULL,
  `dateUpdated` datetime NOT NULL,
  `uid` char(36) COLLATE utf8_unicode_ci NOT NULL DEFAULT '0',
  PRIMARY KEY (`id`),
  KEY `craft_categories_groupId_fk` (`groupId`)
) ENGINE=InnoDB DEFAULT CHARSET=utf8 COLLATE=utf8_unicode_ci;

DROP TABLE IF EXISTS `craft_categorygroups`;


--
-- Schema for table `craft_categorygroups`
--
CREATE TABLE `craft_categorygroups` (
  `id` int(11) NOT NULL AUTO_INCREMENT,
  `structureId` int(11) NOT NULL,
  `fieldLayoutId` int(11) DEFAULT NULL,
  `name` varchar(255) COLLATE utf8_unicode_ci NOT NULL,
  `handle` varchar(255) COLLATE utf8_unicode_ci NOT NULL,
  `hasUrls` tinyint(1) unsigned NOT NULL DEFAULT '1',
  `template` varchar(500) COLLATE utf8_unicode_ci DEFAULT NULL,
  `dateCreated` datetime NOT NULL,
  `dateUpdated` datetime NOT NULL,
  `uid` char(36) COLLATE utf8_unicode_ci NOT NULL DEFAULT '0',
  PRIMARY KEY (`id`),
  UNIQUE KEY `craft_categorygroups_name_unq_idx` (`name`),
  UNIQUE KEY `craft_categorygroups_handle_unq_idx` (`handle`),
  KEY `craft_categorygroups_structureId_fk` (`structureId`),
  KEY `craft_categorygroups_fieldLayoutId_fk` (`fieldLayoutId`)
) ENGINE=InnoDB DEFAULT CHARSET=utf8 COLLATE=utf8_unicode_ci;

DROP TABLE IF EXISTS `craft_categorygroups_i18n`;


--
-- Schema for table `craft_categorygroups_i18n`
--
CREATE TABLE `craft_categorygroups_i18n` (
  `id` int(11) NOT NULL AUTO_INCREMENT,
  `groupId` int(11) NOT NULL,
  `locale` char(12) COLLATE utf8_unicode_ci NOT NULL,
  `urlFormat` varchar(255) COLLATE utf8_unicode_ci DEFAULT NULL,
  `nestedUrlFormat` varchar(255) COLLATE utf8_unicode_ci DEFAULT NULL,
  `dateCreated` datetime NOT NULL,
  `dateUpdated` datetime NOT NULL,
  `uid` char(36) COLLATE utf8_unicode_ci NOT NULL DEFAULT '0',
  PRIMARY KEY (`id`),
  UNIQUE KEY `craft_categorygroups_i18n_groupId_locale_unq_idx` (`groupId`,`locale`),
  KEY `craft_categorygroups_i18n_locale_fk` (`locale`)
) ENGINE=InnoDB DEFAULT CHARSET=utf8 COLLATE=utf8_unicode_ci;

DROP TABLE IF EXISTS `craft_content`;


--
-- Schema for table `craft_content`
--
CREATE TABLE `craft_content` (
  `id` int(11) NOT NULL AUTO_INCREMENT,
  `elementId` int(11) NOT NULL,
  `locale` char(12) COLLATE utf8_unicode_ci NOT NULL,
  `title` varchar(255) COLLATE utf8_unicode_ci DEFAULT NULL,
  `field_body` text COLLATE utf8_unicode_ci,
  `field_formFirstName` text COLLATE utf8_unicode_ci,
  `field_formLastName` text COLLATE utf8_unicode_ci,
  `field_formEmail` varchar(255) COLLATE utf8_unicode_ci DEFAULT NULL,
  `field_formComments` text COLLATE utf8_unicode_ci,
  `field_formCompanySize` varchar(255) COLLATE utf8_unicode_ci DEFAULT NULL,
  `field_contactInformation` text COLLATE utf8_unicode_ci,
  `field_redirect` text COLLATE utf8_unicode_ci,
  `dateCreated` datetime NOT NULL,
  `dateUpdated` datetime NOT NULL,
  `uid` char(36) COLLATE utf8_unicode_ci NOT NULL DEFAULT '0',
  PRIMARY KEY (`id`),
  UNIQUE KEY `craft_content_elementId_locale_unq_idx` (`elementId`,`locale`),
  KEY `craft_content_title_idx` (`title`),
  KEY `craft_content_locale_fk` (`locale`)
) ENGINE=InnoDB AUTO_INCREMENT=58 DEFAULT CHARSET=utf8 COLLATE=utf8_unicode_ci;

--
-- Data for table `craft_content`
--

INSERT INTO `craft_content` (`id`, `elementId`, `locale`, `title`, `field_body`, `field_formFirstName`, `field_formLastName`, `field_formEmail`, `field_formComments`, `field_formCompanySize`, `field_contactInformation`, `field_redirect`, `dateCreated`, `dateUpdated`, `uid`) VALUES ('1', '1', 'en_au', NULL, NULL, NULL, NULL, NULL, NULL, NULL, NULL, NULL, '2015-08-23 09:32:11', '2015-08-31 23:54:30', 'f5d78788-39f9-4519-a6a9-5caff9184faa');
INSERT INTO `craft_content` (`id`, `elementId`, `locale`, `title`, `field_body`, `field_formFirstName`, `field_formLastName`, `field_formEmail`, `field_formComments`, `field_formCompanySize`, `field_contactInformation`, `field_redirect`, `dateCreated`, `dateUpdated`, `uid`) VALUES ('2', '2', 'en_au', 'Home', '<p>roin sit amet est at orci tincidunt volutpat. Curabitur rhoncus semper urna, mattis faucibus lorem commodo eget. Nullam blandit rhoncus ipsum a ullamcorper. Duis placerat lacinia justo, sit amet molestie nulla pellentesque sit amet. Etiam viverra enim ut enim vehicula gravida. Aliquam egestas magna ut leo eleifend, elementum aliquam purus finibus. Donec faucibus neque vel mauris porttitor, in tempor risus rutrum. Donec luctus ac metus quis pulvinar. Phasellus molestie porttitor magna, ut interdum elit lacinia sit amet. Quisque efficitur tempor blandit. Sed consectetur imperdiet dui, quis venenatis dui feugiat quis. Praesent id augue eu nibh efficitur pellentesque.\r\n</p><p><img src=\"{asset:24:thumb}\"><img src=\"{asset:25:thumb}\">\r\n</p>', NULL, NULL, NULL, NULL, NULL, NULL, NULL, '2015-08-23 09:32:13', '2015-09-19 10:52:54', 'c4022ef2-2e94-4816-9a48-6f748d5aef5a');
INSERT INTO `craft_content` (`id`, `elementId`, `locale`, `title`, `field_body`, `field_formFirstName`, `field_formLastName`, `field_formEmail`, `field_formComments`, `field_formCompanySize`, `field_contactInformation`, `field_redirect`, `dateCreated`, `dateUpdated`, `uid`) VALUES ('3', '3', 'en_au', 'We just installed Craft!', '<p>Craft is the CMS that’s powering Madeforconstruction.com. It’s beautiful, powerful, flexible, and easy-to-use, and it’s made by Pixel &amp; Tonic. We can’t wait to dive in and see what it’s capable of!</p><!--pagebreak--><p>This is even more captivating content, which you couldn’t see on the News index page because it was entered after a Page Break, and the News index template only likes to show the content on the first page.</p><p>Craft: a nice alternative to Word, if you’re making a website.</p>', NULL, NULL, NULL, NULL, NULL, NULL, NULL, '2015-08-23 09:32:13', '2015-09-19 10:52:56', '7374f4c5-9bc0-4471-9674-067b37d1eb2f');
INSERT INTO `craft_content` (`id`, `elementId`, `locale`, `title`, `field_body`, `field_formFirstName`, `field_formLastName`, `field_formEmail`, `field_formComments`, `field_formCompanySize`, `field_contactInformation`, `field_redirect`, `dateCreated`, `dateUpdated`, `uid`) VALUES ('12', '16', 'en_au', 'Entry title here', '<p>Entry content here.</p><p><br></p>', NULL, NULL, NULL, NULL, NULL, NULL, NULL, '2015-08-25 11:29:02', '2015-09-19 10:52:57', 'eb6c822e-fa59-462e-95f3-b582e58fa3b9');
INSERT INTO `craft_content` (`id`, `elementId`, `locale`, `title`, `field_body`, `field_formFirstName`, `field_formLastName`, `field_formEmail`, `field_formComments`, `field_formCompanySize`, `field_contactInformation`, `field_redirect`, `dateCreated`, `dateUpdated`, `uid`) VALUES ('18', '23', 'en_au', 'apple-touch-icon-114x114', NULL, NULL, NULL, NULL, NULL, NULL, NULL, NULL, '2015-08-29 06:46:07', '2015-09-19 10:51:11', 'c01bdc03-ec5c-4f3d-8b85-fca3657291da');
INSERT INTO `craft_content` (`id`, `elementId`, `locale`, `title`, `field_body`, `field_formFirstName`, `field_formLastName`, `field_formEmail`, `field_formComments`, `field_formCompanySize`, `field_contactInformation`, `field_redirect`, `dateCreated`, `dateUpdated`, `uid`) VALUES ('20', '24', 'en_au', 'DSC 9927', NULL, NULL, NULL, NULL, NULL, NULL, NULL, NULL, '2015-08-29 06:51:32', '2015-09-19 10:51:11', 'f08e79bd-e1c6-4d31-a69d-8b7aa564af79');
INSERT INTO `craft_content` (`id`, `elementId`, `locale`, `title`, `field_body`, `field_formFirstName`, `field_formLastName`, `field_formEmail`, `field_formComments`, `field_formCompanySize`, `field_contactInformation`, `field_redirect`, `dateCreated`, `dateUpdated`, `uid`) VALUES ('21', '25', 'en_au', 'DSC 9919', NULL, NULL, NULL, NULL, NULL, NULL, NULL, NULL, '2015-08-29 06:56:51', '2015-09-19 10:51:11', '4e374c51-809b-41e7-bf34-a9a5fb92bb96');
INSERT INTO `craft_content` (`id`, `elementId`, `locale`, `title`, `field_body`, `field_formFirstName`, `field_formLastName`, `field_formEmail`, `field_formComments`, `field_formCompanySize`, `field_contactInformation`, `field_redirect`, `dateCreated`, `dateUpdated`, `uid`) VALUES ('22', '26', 'en_au', 'About Us', '<p>roin semper feugiat bibendum. Etiam varius hendrerit fermentum. Donec porttitor ultricies urna, molestie faucibus lectus convallis eget. Vivamus non mauris ac tellus facilisis dictum. Donec sit amet libero sit amet libero placerat scelerisque a auctor metus. Nullam orci ante, venenatis sit amet velit eget, pellentesque egestas nunc. Class aptent taciti sociosqu ad litora torquent per conubia nostra, per inceptos himenaeos. Cras sed nisl eros.\r\n</p>', NULL, NULL, NULL, NULL, NULL, NULL, NULL, '2015-09-17 06:51:13', '2015-09-19 10:52:59', '1fb9e630-69d8-48f1-b23b-8b751460b77d');
INSERT INTO `craft_content` (`id`, `elementId`, `locale`, `title`, `field_body`, `field_formFirstName`, `field_formLastName`, `field_formEmail`, `field_formComments`, `field_formCompanySize`, `field_contactInformation`, `field_redirect`, `dateCreated`, `dateUpdated`, `uid`) VALUES ('23', '27', 'en_au', 'Our Company', '<p>roin semper feugiat bibendum. Etiam varius hendrerit fermentum. Donec porttitor ultricies urna, molestie faucibus lectus convallis eget. Vivamus non mauris ac tellus facilisis dictum. Donec sit amet libero sit amet libero placerat scelerisque a auctor metus. Nullam orci ante, venenatis sit amet velit eget, pellentesque egestas nunc. Class aptent taciti sociosqu ad litora torquent per conubia nostra, per inceptos himenaeos. Cras sed nisl eros.</p>', NULL, NULL, NULL, NULL, NULL, NULL, NULL, '2015-09-17 06:52:13', '2015-09-19 10:52:59', 'c1e0b1ff-4efd-48a7-88dc-bd8d36cc7448');
INSERT INTO `craft_content` (`id`, `elementId`, `locale`, `title`, `field_body`, `field_formFirstName`, `field_formLastName`, `field_formEmail`, `field_formComments`, `field_formCompanySize`, `field_contactInformation`, `field_redirect`, `dateCreated`, `dateUpdated`, `uid`) VALUES ('24', '28', 'en_au', 'Strategy & Vision', NULL, NULL, NULL, NULL, NULL, NULL, NULL, NULL, '2015-09-19 02:25:33', '2015-09-19 10:52:59', '2d8913fa-31b3-4429-81d5-11981f4f5e73');
INSERT INTO `craft_content` (`id`, `elementId`, `locale`, `title`, `field_body`, `field_formFirstName`, `field_formLastName`, `field_formEmail`, `field_formComments`, `field_formCompanySize`, `field_contactInformation`, `field_redirect`, `dateCreated`, `dateUpdated`, `uid`) VALUES ('28', '29', 'en_au', 'Our Staff', '<p>Nulla vulputate eleifend turpis ut efficitur. Praesent quis pellentesque dolor. Nulla eget tellus quis velit iaculis facilisis eget in diam. Vivamus sed cursus felis. Morbi ut metus sed neque tincidunt viverra sed vel nunc. Nunc sodales lorem non mi lacinia, eu tincidunt elit pulvinar. Sed rhoncus egestas commodo. Suspendisse egestas eros eget sapien molestie, sit amet vulputate magna volutpat. Sed vehicula sodales libero, at volutpat dui ultrices vitae. Suspendisse ante nulla, consectetur a ultricies sed, scelerisque quis turpis. Donec rutrum mi dui, tempus consectetur est hendrerit ut. Curabitur eget turpis id est dapibus sodales sed at risus. Sed eu euismod libero. Ut lectus neque, sodales et ipsum ut, fermentum accumsan massa. Donec mollis, quam non luctus blandit, nisl est sagittis lacus, eget hendrerit ante dolor sed dui.</p>', NULL, NULL, NULL, NULL, NULL, NULL, NULL, '2015-09-19 02:48:08', '2015-09-19 10:52:59', '9f7bb929-b0c9-40a4-8ab8-1f7c71e1a525');
INSERT INTO `craft_content` (`id`, `elementId`, `locale`, `title`, `field_body`, `field_formFirstName`, `field_formLastName`, `field_formEmail`, `field_formComments`, `field_formCompanySize`, `field_contactInformation`, `field_redirect`, `dateCreated`, `dateUpdated`, `uid`) VALUES ('36', '30', 'en_au', 'Contact Us', '<p>P	(03) 0000 0000<br>F	(03) 0000 0000<br>A 000 Somewhere St<br>Launceston, TAS 7250</p>', NULL, NULL, NULL, NULL, NULL, NULL, NULL, '2015-09-19 03:46:58', '2015-09-19 10:53:00', 'cc64a9ab-ef33-4b56-8b04-158d707dcde5');
INSERT INTO `craft_content` (`id`, `elementId`, `locale`, `title`, `field_body`, `field_formFirstName`, `field_formLastName`, `field_formEmail`, `field_formComments`, `field_formCompanySize`, `field_contactInformation`, `field_redirect`, `dateCreated`, `dateUpdated`, `uid`) VALUES ('38', '31', 'en_au', 'Contact Form', '<p>Form to go here</p>', NULL, NULL, NULL, NULL, NULL, '[{\"col1\":\"Phone\",\"col2\":\"0000 0000\"},{\"col1\":\"Address\",\"col2\":\"34 My Street, Suburb, Tas, 7250\"},{\"col1\":\"Email\",\"col2\":\"your@address.com\"},{\"col1\":\"Fax\",\"col2\":\"0000 0000\"}]', NULL, '2015-09-19 03:48:30', '2015-09-19 14:11:03', '2a4eaec6-3509-4e4e-b3ee-3901e95c78f9');
INSERT INTO `craft_content` (`id`, `elementId`, `locale`, `title`, `field_body`, `field_formFirstName`, `field_formLastName`, `field_formEmail`, `field_formComments`, `field_formCompanySize`, `field_contactInformation`, `field_redirect`, `dateCreated`, `dateUpdated`, `uid`) VALUES ('42', '23', 'zh_cn', 'apple-touch-icon-114x114', NULL, NULL, NULL, NULL, NULL, NULL, NULL, NULL, '2015-09-19 10:51:11', '2015-09-19 10:51:11', 'd2499f97-c15b-4bd4-ad1d-d8a5348cec10');
INSERT INTO `craft_content` (`id`, `elementId`, `locale`, `title`, `field_body`, `field_formFirstName`, `field_formLastName`, `field_formEmail`, `field_formComments`, `field_formCompanySize`, `field_contactInformation`, `field_redirect`, `dateCreated`, `dateUpdated`, `uid`) VALUES ('43', '24', 'zh_cn', 'DSC 9927', NULL, NULL, NULL, NULL, NULL, NULL, NULL, NULL, '2015-09-19 10:51:11', '2015-09-19 10:51:11', 'f18e09c9-60ec-4d34-a129-35015c302419');
INSERT INTO `craft_content` (`id`, `elementId`, `locale`, `title`, `field_body`, `field_formFirstName`, `field_formLastName`, `field_formEmail`, `field_formComments`, `field_formCompanySize`, `field_contactInformation`, `field_redirect`, `dateCreated`, `dateUpdated`, `uid`) VALUES ('44', '25', 'zh_cn', 'DSC 9919', NULL, NULL, NULL, NULL, NULL, NULL, NULL, NULL, '2015-09-19 10:51:11', '2015-09-19 10:51:11', 'f22b7b4a-8644-4a16-a940-b282447eceaa');
INSERT INTO `craft_content` (`id`, `elementId`, `locale`, `title`, `field_body`, `field_formFirstName`, `field_formLastName`, `field_formEmail`, `field_formComments`, `field_formCompanySize`, `field_contactInformation`, `field_redirect`, `dateCreated`, `dateUpdated`, `uid`) VALUES ('45', '26', 'zh_cn', '机及其他', '<p>下载中心\r\n</p><p>您可下载数码照相机及其他影像设备的说明书、软件和固件(固件是指控制照相机和其他设备的内置软件)。继续操作前,请先阅读说明、注意事项以及下载和安装指示说明。无法进行未列出产品的相关下载。\r\n</p>', NULL, NULL, NULL, NULL, NULL, NULL, NULL, '2015-09-19 10:52:38', '2015-09-19 10:55:20', 'a9324562-7632-420b-aa91-8fc104bdb750');
INSERT INTO `craft_content` (`id`, `elementId`, `locale`, `title`, `field_body`, `field_formFirstName`, `field_formLastName`, `field_formEmail`, `field_formComments`, `field_formCompanySize`, `field_contactInformation`, `field_redirect`, `dateCreated`, `dateUpdated`, `uid`) VALUES ('46', '27', 'zh_cn', '按钮开始下载', '<p>这些下载条款及条件(“<strong>协议”)构成</strong>了您(个人或单个实体)和尼康公司(“尼康”)之间的法律协议,它规定了您下载尼康产品操作说明书(“说明书”)时应遵守的条款和条件。单击本页面中的“我同意-开始下载”按钮开始下载说明书,即表示您接受本协议并同意遵守本协议之条款。如果您不同意本协议的条款,您将无权下载本说明书。开始下载之前请先仔细阅读本协议。</p>', NULL, NULL, NULL, NULL, NULL, NULL, NULL, '2015-09-19 10:52:38', '2015-09-19 10:55:50', 'a833ecd5-cdc7-46c5-aac0-27fffb35e412');
INSERT INTO `craft_content` (`id`, `elementId`, `locale`, `title`, `field_body`, `field_formFirstName`, `field_formLastName`, `field_formEmail`, `field_formComments`, `field_formCompanySize`, `field_contactInformation`, `field_redirect`, `dateCreated`, `dateUpdated`, `uid`) VALUES ('47', '28', 'zh_cn', 'Strategy & Vision', NULL, NULL, NULL, NULL, NULL, NULL, NULL, NULL, '2015-09-19 10:52:38', '2015-09-19 10:52:38', '1b23f00c-4a6b-489a-8a51-2bb235251cf0');
INSERT INTO `craft_content` (`id`, `elementId`, `locale`, `title`, `field_body`, `field_formFirstName`, `field_formLastName`, `field_formEmail`, `field_formComments`, `field_formCompanySize`, `field_contactInformation`, `field_redirect`, `dateCreated`, `dateUpdated`, `uid`) VALUES ('48', '29', 'zh_cn', 'Our Staff', '<p>Nulla vulputate eleifend turpis ut efficitur. Praesent quis pellentesque dolor. Nulla eget tellus quis velit iaculis facilisis eget in diam. Vivamus sed cursus felis. Morbi ut metus sed neque tincidunt viverra sed vel nunc. Nunc sodales lorem non mi lacinia, eu tincidunt elit pulvinar. Sed rhoncus egestas commodo. Suspendisse egestas eros eget sapien molestie, sit amet vulputate magna volutpat. Sed vehicula sodales libero, at volutpat dui ultrices vitae. Suspendisse ante nulla, consectetur a ultricies sed, scelerisque quis turpis. Donec rutrum mi dui, tempus consectetur est hendrerit ut. Curabitur eget turpis id est dapibus sodales sed at risus. Sed eu euismod libero. Ut lectus neque, sodales et ipsum ut, fermentum accumsan massa. Donec mollis, quam non luctus blandit, nisl est sagittis lacus, eget hendrerit ante dolor sed dui.</p>', NULL, NULL, NULL, NULL, NULL, NULL, NULL, '2015-09-19 10:52:38', '2015-09-19 10:52:38', '61d659fd-4b31-4c7f-bbf2-c6e9643c7382');
INSERT INTO `craft_content` (`id`, `elementId`, `locale`, `title`, `field_body`, `field_formFirstName`, `field_formLastName`, `field_formEmail`, `field_formComments`, `field_formCompanySize`, `field_contactInformation`, `field_redirect`, `dateCreated`, `dateUpdated`, `uid`) VALUES ('49', '30', 'zh_cn', 'Contact Us', '<p>P	(03) 0000 0000<br>F	(03) 0000 0000<br>A 000 Somewhere St<br>Launceston, TAS 7250</p>', NULL, NULL, NULL, NULL, NULL, NULL, NULL, '2015-09-19 10:52:38', '2015-09-19 10:52:38', 'f12dd590-5e17-4e4e-b4cd-df9f3875aa86');
INSERT INTO `craft_content` (`id`, `elementId`, `locale`, `title`, `field_body`, `field_formFirstName`, `field_formLastName`, `field_formEmail`, `field_formComments`, `field_formCompanySize`, `field_contactInformation`, `field_redirect`, `dateCreated`, `dateUpdated`, `uid`) VALUES ('50', '31', 'zh_cn', 'Contact Form', '<p>Form to go here</p>', NULL, NULL, NULL, NULL, NULL, '[{\"col1\":\"Phone\",\"col2\":\"0000 0000\"},{\"col1\":\"Address\",\"col2\":\"34 My Street, Suburb, Tas, 7250\"},{\"col1\":\"Email\",\"col2\":\"your@address.com\"},{\"col1\":\"Fax\",\"col2\":\"0000 0000\"}]', NULL, '2015-09-19 10:52:38', '2015-09-19 14:11:03', '75f01f01-c291-4200-bc96-03fa8dcbd5b3');
INSERT INTO `craft_content` (`id`, `elementId`, `locale`, `title`, `field_body`, `field_formFirstName`, `field_formLastName`, `field_formEmail`, `field_formComments`, `field_formCompanySize`, `field_contactInformation`, `field_redirect`, `dateCreated`, `dateUpdated`, `uid`) VALUES ('51', '2', 'zh_cn', '下载中心', '<p>下载中心下载中心下载中心下载中心下载中心下载中心下载中心下载中心下载中心下载中心下载中心下载中心下载中心下载中心下载中心下载中心下载中心</p><p><img src=\"{asset:24:thumb}\"><img src=\"{asset:25:thumb}\">\r\n</p>', NULL, NULL, NULL, NULL, NULL, NULL, NULL, '2015-09-19 10:52:42', '2015-09-19 10:54:08', 'b528139e-798a-4269-897a-c81a1936f9d4');
INSERT INTO `craft_content` (`id`, `elementId`, `locale`, `title`, `field_body`, `field_formFirstName`, `field_formLastName`, `field_formEmail`, `field_formComments`, `field_formCompanySize`, `field_contactInformation`, `field_redirect`, `dateCreated`, `dateUpdated`, `uid`) VALUES ('52', '3', 'zh_cn', 'We just installed Craft!', '<p>Craft is the CMS that’s powering Madeforconstruction.com. It’s beautiful, powerful, flexible, and easy-to-use, and it’s made by Pixel &amp; Tonic. We can’t wait to dive in and see what it’s capable of!</p><!--pagebreak--><p>This is even more captivating content, which you couldn’t see on the News index page because it was entered after a Page Break, and the News index template only likes to show the content on the first page.</p><p>Craft: a nice alternative to Word, if you’re making a website.</p>', NULL, NULL, NULL, NULL, NULL, NULL, NULL, '2015-09-19 10:52:49', '2015-09-19 10:52:49', '8c05e59c-7419-4045-9e06-725c033a077d');
INSERT INTO `craft_content` (`id`, `elementId`, `locale`, `title`, `field_body`, `field_formFirstName`, `field_formLastName`, `field_formEmail`, `field_formComments`, `field_formCompanySize`, `field_contactInformation`, `field_redirect`, `dateCreated`, `dateUpdated`, `uid`) VALUES ('53', '16', 'zh_cn', 'Entry title here', '<p>Entry content here.</p><p><br></p>', NULL, NULL, NULL, NULL, NULL, NULL, NULL, '2015-09-19 10:52:49', '2015-09-19 10:52:49', '23b51941-c232-45c6-b3c4-343cdcf8ced1');
INSERT INTO `craft_content` (`id`, `elementId`, `locale`, `title`, `field_body`, `field_formFirstName`, `field_formLastName`, `field_formEmail`, `field_formComments`, `field_formCompanySize`, `field_contactInformation`, `field_redirect`, `dateCreated`, `dateUpdated`, `uid`) VALUES ('54', '40', 'en_au', 'News', '', NULL, NULL, NULL, NULL, NULL, NULL, '/news', '2015-09-19 14:23:53', '2015-09-19 14:26:03', 'c3ad8b59-fd83-4fdb-9c10-99f8a086760a');
INSERT INTO `craft_content` (`id`, `elementId`, `locale`, `title`, `field_body`, `field_formFirstName`, `field_formLastName`, `field_formEmail`, `field_formComments`, `field_formCompanySize`, `field_contactInformation`, `field_redirect`, `dateCreated`, `dateUpdated`, `uid`) VALUES ('55', '40', 'zh_cn', 'News', '', NULL, NULL, NULL, NULL, NULL, NULL, '/news', '2015-09-19 14:23:53', '2015-09-19 14:26:03', 'cfec3eed-bfbd-423c-bbf5-0e02c328d127');
INSERT INTO `craft_content` (`id`, `elementId`, `locale`, `title`, `field_body`, `field_formFirstName`, `field_formLastName`, `field_formEmail`, `field_formComments`, `field_formCompanySize`, `field_contactInformation`, `field_redirect`, `dateCreated`, `dateUpdated`, `uid`) VALUES ('56', '41', 'en_au', 'OH&S', '<p>roin semper feugiat bibendum. Etiam varius hendrerit fermentum. Donec porttitor ultricies urna, molestie faucibus lectus convallis eget. Vivamus non mauris ac tellus facilisis dictum. Donec sit amet libero sit amet libero placerat scelerisque a auctor metus. Nullam orci ante, venenatis sit amet velit eget, pellentesque egestas nunc. Class aptent taciti sociosqu ad litora torquent per conubia nostra, per inceptos himenaeos. Cras sed nisl eros.</p>', NULL, NULL, NULL, NULL, NULL, NULL, NULL, '2015-09-19 14:29:58', '2015-09-19 14:30:21', 'f179e8da-51d1-415e-a327-c365c11444f4');
INSERT INTO `craft_content` (`id`, `elementId`, `locale`, `title`, `field_body`, `field_formFirstName`, `field_formLastName`, `field_formEmail`, `field_formComments`, `field_formCompanySize`, `field_contactInformation`, `field_redirect`, `dateCreated`, `dateUpdated`, `uid`) VALUES ('57', '41', 'zh_cn', 'Our Company', '<p>roin semper feugiat bibendum. Etiam varius hendrerit fermentum. Donec porttitor ultricies urna, molestie faucibus lectus convallis eget. Vivamus non mauris ac tellus facilisis dictum. Donec sit amet libero sit amet libero placerat scelerisque a auctor metus. Nullam orci ante, venenatis sit amet velit eget, pellentesque egestas nunc. Class aptent taciti sociosqu ad litora torquent per conubia nostra, per inceptos himenaeos. Cras sed nisl eros.</p>', NULL, NULL, NULL, NULL, NULL, NULL, NULL, '2015-09-19 14:29:58', '2015-09-19 14:29:58', 'dfc6f56f-9037-47a3-897e-f6bc9ad6da4e');



DROP TABLE IF EXISTS `craft_deprecationerrors`;


--
-- Schema for table `craft_deprecationerrors`
--
CREATE TABLE `craft_deprecationerrors` (
  `id` int(11) NOT NULL AUTO_INCREMENT,
  `key` varchar(255) COLLATE utf8_unicode_ci NOT NULL,
  `fingerprint` varchar(255) COLLATE utf8_unicode_ci NOT NULL,
  `lastOccurrence` datetime NOT NULL,
  `file` varchar(255) COLLATE utf8_unicode_ci NOT NULL,
  `line` smallint(6) unsigned NOT NULL,
  `class` varchar(255) COLLATE utf8_unicode_ci DEFAULT NULL,
  `method` varchar(255) COLLATE utf8_unicode_ci DEFAULT NULL,
  `template` varchar(255) COLLATE utf8_unicode_ci DEFAULT NULL,
  `templateLine` smallint(6) unsigned DEFAULT NULL,
  `message` varchar(255) COLLATE utf8_unicode_ci DEFAULT NULL,
  `traces` text COLLATE utf8_unicode_ci,
  `dateCreated` datetime NOT NULL,
  `dateUpdated` datetime NOT NULL,
  `uid` char(36) COLLATE utf8_unicode_ci NOT NULL DEFAULT '0',
  PRIMARY KEY (`id`),
  UNIQUE KEY `craft_deprecationerrors_key_fingerprint_unq_idx` (`key`,`fingerprint`)
) ENGINE=InnoDB DEFAULT CHARSET=utf8 COLLATE=utf8_unicode_ci;

DROP TABLE IF EXISTS `craft_elements`;


--
-- Schema for table `craft_elements`
--
CREATE TABLE `craft_elements` (
  `id` int(11) NOT NULL AUTO_INCREMENT,
  `type` varchar(150) COLLATE utf8_unicode_ci NOT NULL,
  `enabled` tinyint(1) unsigned NOT NULL DEFAULT '1',
  `archived` tinyint(1) unsigned NOT NULL DEFAULT '0',
  `dateCreated` datetime NOT NULL,
  `dateUpdated` datetime NOT NULL,
  `uid` char(36) COLLATE utf8_unicode_ci NOT NULL DEFAULT '0',
  PRIMARY KEY (`id`),
  KEY `craft_elements_type_idx` (`type`),
  KEY `craft_elements_enabled_idx` (`enabled`),
  KEY `craft_elements_archived_dateCreated_idx` (`archived`,`dateCreated`)
) ENGINE=InnoDB AUTO_INCREMENT=42 DEFAULT CHARSET=utf8 COLLATE=utf8_unicode_ci;

--
-- Data for table `craft_elements`
--

INSERT INTO `craft_elements` (`id`, `type`, `enabled`, `archived`, `dateCreated`, `dateUpdated`, `uid`) VALUES ('1', 'User', '1', '0', '2015-08-23 09:32:11', '2015-08-31 23:54:29', '6bf0a7af-7103-44f0-bdc6-676a971d069a');
INSERT INTO `craft_elements` (`id`, `type`, `enabled`, `archived`, `dateCreated`, `dateUpdated`, `uid`) VALUES ('2', 'Entry', '1', '0', '2015-08-23 09:32:13', '2015-09-19 10:54:08', '5a38689b-6b83-4c42-852b-436026172377');
INSERT INTO `craft_elements` (`id`, `type`, `enabled`, `archived`, `dateCreated`, `dateUpdated`, `uid`) VALUES ('3', 'Entry', '1', '0', '2015-08-23 09:32:13', '2015-09-19 10:52:56', '34de0e1e-9b5e-4248-98b6-e18409bcca1f');
INSERT INTO `craft_elements` (`id`, `type`, `enabled`, `archived`, `dateCreated`, `dateUpdated`, `uid`) VALUES ('4', 'MatrixBlock', '1', '0', '2015-08-23 10:51:37', '2015-09-19 10:51:12', '69c56738-4730-44c4-ad69-795c0b82cb5d');
INSERT INTO `craft_elements` (`id`, `type`, `enabled`, `archived`, `dateCreated`, `dateUpdated`, `uid`) VALUES ('5', 'MatrixBlock', '1', '0', '2015-08-23 11:06:53', '2015-09-19 10:51:12', '3af87b57-f3e6-436a-9254-455391b164ce');
INSERT INTO `craft_elements` (`id`, `type`, `enabled`, `archived`, `dateCreated`, `dateUpdated`, `uid`) VALUES ('6', 'MatrixBlock', '1', '0', '2015-08-23 11:06:53', '2015-09-19 10:51:12', '7c13c475-a9a2-49f9-9a4d-170dea670379');
INSERT INTO `craft_elements` (`id`, `type`, `enabled`, `archived`, `dateCreated`, `dateUpdated`, `uid`) VALUES ('7', 'MatrixBlock', '1', '0', '2015-08-23 11:06:53', '2015-09-19 10:51:12', '599b94d0-da5a-46e0-ab38-ae5224cd4c16');
INSERT INTO `craft_elements` (`id`, `type`, `enabled`, `archived`, `dateCreated`, `dateUpdated`, `uid`) VALUES ('16', 'Entry', '1', '0', '2015-08-25 11:29:02', '2015-09-19 10:52:57', 'e1006663-37a3-431f-817c-ab098b522d00');
INSERT INTO `craft_elements` (`id`, `type`, `enabled`, `archived`, `dateCreated`, `dateUpdated`, `uid`) VALUES ('23', 'Asset', '1', '0', '2015-08-29 06:46:07', '2015-09-19 10:51:11', '7828a474-4a58-44b4-84e6-0c8723b4f7bc');
INSERT INTO `craft_elements` (`id`, `type`, `enabled`, `archived`, `dateCreated`, `dateUpdated`, `uid`) VALUES ('24', 'Asset', '1', '0', '2015-08-29 06:51:32', '2015-09-19 10:51:11', '747f18e8-ab01-4d0f-9777-edc0587ab107');
INSERT INTO `craft_elements` (`id`, `type`, `enabled`, `archived`, `dateCreated`, `dateUpdated`, `uid`) VALUES ('25', 'Asset', '1', '0', '2015-08-29 06:56:51', '2015-09-19 10:51:11', '12c5a2bc-9e01-403c-b35e-68bd561af71c');
INSERT INTO `craft_elements` (`id`, `type`, `enabled`, `archived`, `dateCreated`, `dateUpdated`, `uid`) VALUES ('26', 'Entry', '1', '0', '2015-09-17 06:51:13', '2015-09-19 10:55:20', '8ee3138e-76a8-44d7-b227-1440b2739cff');
INSERT INTO `craft_elements` (`id`, `type`, `enabled`, `archived`, `dateCreated`, `dateUpdated`, `uid`) VALUES ('27', 'Entry', '1', '0', '2015-09-17 06:52:13', '2015-09-19 10:55:50', '17fa5bb1-860f-45db-9ffe-b435e9b85035');
INSERT INTO `craft_elements` (`id`, `type`, `enabled`, `archived`, `dateCreated`, `dateUpdated`, `uid`) VALUES ('28', 'Entry', '1', '0', '2015-09-19 02:25:33', '2015-09-19 10:52:59', '5590f889-2bc5-452d-b15f-44d02a4d3a5f');
INSERT INTO `craft_elements` (`id`, `type`, `enabled`, `archived`, `dateCreated`, `dateUpdated`, `uid`) VALUES ('29', 'Entry', '1', '0', '2015-09-19 02:48:08', '2015-09-19 10:52:59', 'ed520c09-0f54-4e6f-bbe5-fcac70465d12');
INSERT INTO `craft_elements` (`id`, `type`, `enabled`, `archived`, `dateCreated`, `dateUpdated`, `uid`) VALUES ('30', 'Entry', '1', '0', '2015-09-19 03:46:58', '2015-09-19 10:53:00', 'a0803768-6e52-4f8e-883b-50a79815cb37');
INSERT INTO `craft_elements` (`id`, `type`, `enabled`, `archived`, `dateCreated`, `dateUpdated`, `uid`) VALUES ('31', 'Entry', '1', '0', '2015-09-19 03:48:30', '2015-09-19 14:11:03', 'ff4da0f0-0692-4b63-a81c-048c87ed570b');
INSERT INTO `craft_elements` (`id`, `type`, `enabled`, `archived`, `dateCreated`, `dateUpdated`, `uid`) VALUES ('32', 'MatrixBlock', '1', '0', '2015-09-19 04:13:35', '2015-09-19 10:51:12', '9068ab17-4585-4ff9-8bad-e7ed22c2b70c');
INSERT INTO `craft_elements` (`id`, `type`, `enabled`, `archived`, `dateCreated`, `dateUpdated`, `uid`) VALUES ('33', 'MatrixBlock', '1', '0', '2015-09-19 04:13:35', '2015-09-19 10:51:12', '52d2e574-c1eb-4bfc-acb8-5a39f060ce1e');
INSERT INTO `craft_elements` (`id`, `type`, `enabled`, `archived`, `dateCreated`, `dateUpdated`, `uid`) VALUES ('35', 'FormBuilder', '1', '0', '2015-09-19 13:39:05', '2015-09-19 13:39:05', '68d6427b-3d13-49e5-bc5b-8fee5ca68781');
INSERT INTO `craft_elements` (`id`, `type`, `enabled`, `archived`, `dateCreated`, `dateUpdated`, `uid`) VALUES ('36', 'FormBuilder', '1', '0', '2015-09-19 13:39:33', '2015-09-19 13:39:33', 'f6f353b8-84f3-4924-b571-0ea652a885c1');
INSERT INTO `craft_elements` (`id`, `type`, `enabled`, `archived`, `dateCreated`, `dateUpdated`, `uid`) VALUES ('37', 'FormBuilder', '1', '0', '2015-09-19 13:44:34', '2015-09-19 13:44:34', 'c568f83a-89af-4f10-bf12-5130217d89c1');
INSERT INTO `craft_elements` (`id`, `type`, `enabled`, `archived`, `dateCreated`, `dateUpdated`, `uid`) VALUES ('38', 'FormBuilder', '1', '0', '2015-09-19 14:06:39', '2015-09-19 14:06:39', '6fbe83a1-5adf-4a86-bb1f-e8331951175d');
INSERT INTO `craft_elements` (`id`, `type`, `enabled`, `archived`, `dateCreated`, `dateUpdated`, `uid`) VALUES ('39', 'FormBuilder', '1', '0', '2015-09-19 14:07:39', '2015-09-19 14:07:39', '92336e7f-3208-4083-89fd-dce76a56d946');
INSERT INTO `craft_elements` (`id`, `type`, `enabled`, `archived`, `dateCreated`, `dateUpdated`, `uid`) VALUES ('40', 'Entry', '1', '0', '2015-09-19 14:23:53', '2015-09-19 14:26:03', '509c5083-51e6-4258-8aec-630acb7c100e');
INSERT INTO `craft_elements` (`id`, `type`, `enabled`, `archived`, `dateCreated`, `dateUpdated`, `uid`) VALUES ('41', 'Entry', '1', '0', '2015-09-19 14:29:58', '2015-09-19 14:30:21', '2cb8b3eb-28a2-4a03-a982-a3ec4d3e164e');



DROP TABLE IF EXISTS `craft_elements_i18n`;


--
-- Schema for table `craft_elements_i18n`
--
CREATE TABLE `craft_elements_i18n` (
  `id` int(11) NOT NULL AUTO_INCREMENT,
  `elementId` int(11) NOT NULL,
  `locale` char(12) COLLATE utf8_unicode_ci NOT NULL,
  `slug` varchar(255) COLLATE utf8_unicode_ci DEFAULT NULL,
  `uri` varchar(255) COLLATE utf8_unicode_ci DEFAULT NULL,
  `enabled` tinyint(1) unsigned NOT NULL DEFAULT '1',
  `dateCreated` datetime NOT NULL,
  `dateUpdated` datetime NOT NULL,
  `uid` char(36) COLLATE utf8_unicode_ci NOT NULL DEFAULT '0',
  PRIMARY KEY (`id`),
  UNIQUE KEY `craft_elements_i18n_elementId_locale_unq_idx` (`elementId`,`locale`),
  UNIQUE KEY `craft_elements_i18n_uri_locale_unq_idx` (`uri`,`locale`),
  KEY `craft_elements_i18n_slug_locale_idx` (`slug`,`locale`),
  KEY `craft_elements_i18n_enabled_idx` (`enabled`),
  KEY `craft_elements_i18n_locale_fk` (`locale`)
) ENGINE=InnoDB AUTO_INCREMENT=75 DEFAULT CHARSET=utf8 COLLATE=utf8_unicode_ci;

--
-- Data for table `craft_elements_i18n`
--

INSERT INTO `craft_elements_i18n` (`id`, `elementId`, `locale`, `slug`, `uri`, `enabled`, `dateCreated`, `dateUpdated`, `uid`) VALUES ('1', '1', 'en_au', '', NULL, '1', '2015-08-23 09:32:11', '2015-08-31 23:54:30', '9b7ac4ce-466c-48a7-900a-2b83c6bfecc9');
INSERT INTO `craft_elements_i18n` (`id`, `elementId`, `locale`, `slug`, `uri`, `enabled`, `dateCreated`, `dateUpdated`, `uid`) VALUES ('2', '2', 'en_au', 'homepage', '__home__', '1', '2015-08-23 09:32:13', '2015-09-19 10:54:08', '8eea40d9-198e-4ce1-9861-97af48313454');
INSERT INTO `craft_elements_i18n` (`id`, `elementId`, `locale`, `slug`, `uri`, `enabled`, `dateCreated`, `dateUpdated`, `uid`) VALUES ('3', '3', 'en_au', 'we-just-installed-craft', 'news/2015/we-just-installed-craft', '1', '2015-08-23 09:32:14', '2015-09-19 10:52:57', 'a73ac819-f98c-4ca1-9934-31e196993c01');
INSERT INTO `craft_elements_i18n` (`id`, `elementId`, `locale`, `slug`, `uri`, `enabled`, `dateCreated`, `dateUpdated`, `uid`) VALUES ('4', '4', 'en_au', '', NULL, '1', '2015-08-23 10:51:37', '2015-09-19 10:51:12', '8cc27485-f401-4966-97d8-38248a675011');
INSERT INTO `craft_elements_i18n` (`id`, `elementId`, `locale`, `slug`, `uri`, `enabled`, `dateCreated`, `dateUpdated`, `uid`) VALUES ('5', '5', 'en_au', '', NULL, '1', '2015-08-23 11:06:53', '2015-09-19 10:51:12', '74e0997d-9842-47f7-b290-7f33d97e07c5');
INSERT INTO `craft_elements_i18n` (`id`, `elementId`, `locale`, `slug`, `uri`, `enabled`, `dateCreated`, `dateUpdated`, `uid`) VALUES ('6', '6', 'en_au', '', NULL, '1', '2015-08-23 11:06:53', '2015-09-19 10:51:12', '7ca84d6c-9d14-4e25-860f-8c08bba3fb4e');
INSERT INTO `craft_elements_i18n` (`id`, `elementId`, `locale`, `slug`, `uri`, `enabled`, `dateCreated`, `dateUpdated`, `uid`) VALUES ('7', '7', 'en_au', '', NULL, '1', '2015-08-23 11:06:53', '2015-09-19 10:51:12', '90c1f5ef-d4df-43c9-a13e-aba3dd4154c8');
INSERT INTO `craft_elements_i18n` (`id`, `elementId`, `locale`, `slug`, `uri`, `enabled`, `dateCreated`, `dateUpdated`, `uid`) VALUES ('16', '16', 'en_au', 'entry-title-here', 'news/2015/entry-title-here', '1', '2015-08-25 11:29:02', '2015-09-19 10:52:57', '098a7edb-0ee2-493c-a879-250166b06b86');
INSERT INTO `craft_elements_i18n` (`id`, `elementId`, `locale`, `slug`, `uri`, `enabled`, `dateCreated`, `dateUpdated`, `uid`) VALUES ('23', '23', 'en_au', 'apple-touch-icon-114x114', NULL, '1', '2015-08-29 06:46:07', '2015-09-19 10:51:11', '4d72a6ed-4ec5-4d3e-85dc-1f07803f1102');
INSERT INTO `craft_elements_i18n` (`id`, `elementId`, `locale`, `slug`, `uri`, `enabled`, `dateCreated`, `dateUpdated`, `uid`) VALUES ('24', '24', 'en_au', 'dsc-9927', NULL, '1', '2015-08-29 06:51:32', '2015-09-19 10:51:11', '00d279a6-02c6-49e5-b79b-da0074e9ac2c');
INSERT INTO `craft_elements_i18n` (`id`, `elementId`, `locale`, `slug`, `uri`, `enabled`, `dateCreated`, `dateUpdated`, `uid`) VALUES ('25', '25', 'en_au', 'dsc-9919', NULL, '1', '2015-08-29 06:56:51', '2015-09-19 10:51:11', '7fb36c81-2953-4281-ba0d-61a0dd9d1c42');
INSERT INTO `craft_elements_i18n` (`id`, `elementId`, `locale`, `slug`, `uri`, `enabled`, `dateCreated`, `dateUpdated`, `uid`) VALUES ('26', '26', 'en_au', 'about-us', 'about-us', '1', '2015-09-17 06:51:13', '2015-09-19 10:55:20', 'bde83aa8-c350-41c9-8dde-80c40374633f');
INSERT INTO `craft_elements_i18n` (`id`, `elementId`, `locale`, `slug`, `uri`, `enabled`, `dateCreated`, `dateUpdated`, `uid`) VALUES ('27', '27', 'en_au', 'our-company', 'about-us/our-company', '1', '2015-09-17 06:52:13', '2015-09-19 10:55:50', 'a112b850-4769-4321-a867-0e684f82e79e');
INSERT INTO `craft_elements_i18n` (`id`, `elementId`, `locale`, `slug`, `uri`, `enabled`, `dateCreated`, `dateUpdated`, `uid`) VALUES ('28', '28', 'en_au', 'strategy-and-vision', 'about-us/strategy-and-vision', '1', '2015-09-19 02:25:33', '2015-09-19 10:52:59', '909f183b-1349-434b-9040-595943be00c5');
INSERT INTO `craft_elements_i18n` (`id`, `elementId`, `locale`, `slug`, `uri`, `enabled`, `dateCreated`, `dateUpdated`, `uid`) VALUES ('32', '29', 'en_au', 'our-staff', 'about-us/our-staff', '1', '2015-09-19 02:48:08', '2015-09-19 10:53:00', '72d65c5f-7ad2-4ede-8dea-500897fe5736');
INSERT INTO `craft_elements_i18n` (`id`, `elementId`, `locale`, `slug`, `uri`, `enabled`, `dateCreated`, `dateUpdated`, `uid`) VALUES ('40', '30', 'en_au', 'contact', 'contact', '1', '2015-09-19 03:46:58', '2015-09-19 10:53:00', 'fc89d442-ec94-4acb-ba40-c823a9a53fce');
INSERT INTO `craft_elements_i18n` (`id`, `elementId`, `locale`, `slug`, `uri`, `enabled`, `dateCreated`, `dateUpdated`, `uid`) VALUES ('42', '31', 'en_au', 'contact-form', 'contact/contact-form', '1', '2015-09-19 03:48:30', '2015-09-19 14:11:03', 'f66f0c97-285c-45df-9edf-821f348e1346');
INSERT INTO `craft_elements_i18n` (`id`, `elementId`, `locale`, `slug`, `uri`, `enabled`, `dateCreated`, `dateUpdated`, `uid`) VALUES ('44', '32', 'en_au', '', NULL, '1', '2015-09-19 04:13:35', '2015-09-19 10:51:12', '732c4cb9-b754-4f24-83eb-2d9760d159f9');
INSERT INTO `craft_elements_i18n` (`id`, `elementId`, `locale`, `slug`, `uri`, `enabled`, `dateCreated`, `dateUpdated`, `uid`) VALUES ('46', '33', 'en_au', '', NULL, '1', '2015-09-19 04:13:35', '2015-09-19 10:51:12', 'b99962c0-f2aa-4589-b358-688fb7acdfb9');
INSERT INTO `craft_elements_i18n` (`id`, `elementId`, `locale`, `slug`, `uri`, `enabled`, `dateCreated`, `dateUpdated`, `uid`) VALUES ('50', '23', 'zh_cn', 'apple-touch-icon-114x114', NULL, '1', '2015-09-19 10:51:11', '2015-09-19 10:51:11', '90c2769a-3053-49e9-b4b8-f63d93687874');
INSERT INTO `craft_elements_i18n` (`id`, `elementId`, `locale`, `slug`, `uri`, `enabled`, `dateCreated`, `dateUpdated`, `uid`) VALUES ('51', '24', 'zh_cn', 'dsc-9927', NULL, '1', '2015-09-19 10:51:11', '2015-09-19 10:51:11', 'a6548af4-56c5-4b8d-b8b0-3f4edba1f7b1');
INSERT INTO `craft_elements_i18n` (`id`, `elementId`, `locale`, `slug`, `uri`, `enabled`, `dateCreated`, `dateUpdated`, `uid`) VALUES ('52', '25', 'zh_cn', 'dsc-9919', NULL, '1', '2015-09-19 10:51:11', '2015-09-19 10:51:11', 'e94efdf7-a3a9-4f6c-9f90-2d33dad53dc2');
INSERT INTO `craft_elements_i18n` (`id`, `elementId`, `locale`, `slug`, `uri`, `enabled`, `dateCreated`, `dateUpdated`, `uid`) VALUES ('57', '26', 'zh_cn', 'about-us', 'about-us', '1', '2015-09-19 10:52:38', '2015-09-19 10:55:20', '453399fd-8b1f-4308-a252-7f2e8c56e81d');
INSERT INTO `craft_elements_i18n` (`id`, `elementId`, `locale`, `slug`, `uri`, `enabled`, `dateCreated`, `dateUpdated`, `uid`) VALUES ('58', '27', 'zh_cn', 'our-company', 'about-us/our-company', '1', '2015-09-19 10:52:38', '2015-09-19 10:55:50', 'ce7c31f6-e770-43cc-a9ce-3059901a832b');
INSERT INTO `craft_elements_i18n` (`id`, `elementId`, `locale`, `slug`, `uri`, `enabled`, `dateCreated`, `dateUpdated`, `uid`) VALUES ('59', '28', 'zh_cn', 'strategy-and-vision', 'about-us/strategy-and-vision', '1', '2015-09-19 10:52:38', '2015-09-19 10:52:59', 'e66c5e04-5e24-411a-8398-dde7c19bb593');
INSERT INTO `craft_elements_i18n` (`id`, `elementId`, `locale`, `slug`, `uri`, `enabled`, `dateCreated`, `dateUpdated`, `uid`) VALUES ('60', '29', 'zh_cn', 'our-staff', 'about-us/our-staff', '1', '2015-09-19 10:52:38', '2015-09-19 10:53:00', '025436f4-caf9-4d32-bf15-a297b2308212');
INSERT INTO `craft_elements_i18n` (`id`, `elementId`, `locale`, `slug`, `uri`, `enabled`, `dateCreated`, `dateUpdated`, `uid`) VALUES ('61', '30', 'zh_cn', 'contact', 'contact', '1', '2015-09-19 10:52:38', '2015-09-19 10:53:00', 'dabeaadf-e196-49bd-b085-fb54cef14d32');
INSERT INTO `craft_elements_i18n` (`id`, `elementId`, `locale`, `slug`, `uri`, `enabled`, `dateCreated`, `dateUpdated`, `uid`) VALUES ('62', '31', 'zh_cn', 'contact-form', 'contact/contact-form', '1', '2015-09-19 10:52:38', '2015-09-19 14:11:03', 'b554ba63-52e8-4f1b-a7dd-732753251389');
INSERT INTO `craft_elements_i18n` (`id`, `elementId`, `locale`, `slug`, `uri`, `enabled`, `dateCreated`, `dateUpdated`, `uid`) VALUES ('63', '2', 'zh_cn', 'homepage', '__home__', '1', '2015-09-19 10:52:42', '2015-09-19 10:54:08', 'd94156c3-e2da-486e-9c7f-7fe204be6939');
INSERT INTO `craft_elements_i18n` (`id`, `elementId`, `locale`, `slug`, `uri`, `enabled`, `dateCreated`, `dateUpdated`, `uid`) VALUES ('64', '3', 'zh_cn', 'we-just-installed-craft', 'news/we-just-installed-craft', '1', '2015-09-19 10:52:49', '2015-09-19 10:52:57', '5020869b-bb5e-4ed6-b51a-6a8bad8f3a43');
INSERT INTO `craft_elements_i18n` (`id`, `elementId`, `locale`, `slug`, `uri`, `enabled`, `dateCreated`, `dateUpdated`, `uid`) VALUES ('65', '16', 'zh_cn', 'entry-title-here', 'news/entry-title-here', '1', '2015-09-19 10:52:49', '2015-09-19 10:52:57', '4585f206-3f31-4492-941f-21e527ca097a');
INSERT INTO `craft_elements_i18n` (`id`, `elementId`, `locale`, `slug`, `uri`, `enabled`, `dateCreated`, `dateUpdated`, `uid`) VALUES ('66', '35', 'en_au', 'contact-us', NULL, '1', '2015-09-19 13:39:05', '2015-09-19 13:39:05', '4a680ed4-3ae9-4449-ab67-3cd25388ce78');
INSERT INTO `craft_elements_i18n` (`id`, `elementId`, `locale`, `slug`, `uri`, `enabled`, `dateCreated`, `dateUpdated`, `uid`) VALUES ('67', '36', 'en_au', 'contact-us', NULL, '1', '2015-09-19 13:39:33', '2015-09-19 13:39:33', '6cc1ec9d-14c8-4221-a332-1dc259237110');
INSERT INTO `craft_elements_i18n` (`id`, `elementId`, `locale`, `slug`, `uri`, `enabled`, `dateCreated`, `dateUpdated`, `uid`) VALUES ('68', '37', 'en_au', 'contact-us', NULL, '1', '2015-09-19 13:44:34', '2015-09-19 13:44:34', '30b25971-228c-4e1a-b940-10c6100e8a1f');
INSERT INTO `craft_elements_i18n` (`id`, `elementId`, `locale`, `slug`, `uri`, `enabled`, `dateCreated`, `dateUpdated`, `uid`) VALUES ('69', '38', 'en_au', 'contact-us', NULL, '1', '2015-09-19 14:06:39', '2015-09-19 14:06:39', '770472e5-1d81-40b8-aeb3-30911ea441e8');
INSERT INTO `craft_elements_i18n` (`id`, `elementId`, `locale`, `slug`, `uri`, `enabled`, `dateCreated`, `dateUpdated`, `uid`) VALUES ('70', '39', 'en_au', 'contact-us', NULL, '1', '2015-09-19 14:07:39', '2015-09-19 14:07:39', '68fdd422-7191-4291-b840-e003a52f2d46');
INSERT INTO `craft_elements_i18n` (`id`, `elementId`, `locale`, `slug`, `uri`, `enabled`, `dateCreated`, `dateUpdated`, `uid`) VALUES ('71', '40', 'en_au', 'news-redir', 'news-redir', '1', '2015-09-19 14:23:53', '2015-09-19 14:28:55', 'fe860395-eefa-404f-8235-0908b353cb80');
INSERT INTO `craft_elements_i18n` (`id`, `elementId`, `locale`, `slug`, `uri`, `enabled`, `dateCreated`, `dateUpdated`, `uid`) VALUES ('72', '40', 'zh_cn', 'news-redir', 'news-redir', '1', '2015-09-19 14:23:53', '2015-09-19 14:28:55', 'f6af9546-34a8-4cc0-b87e-9eaf4e924de1');
INSERT INTO `craft_elements_i18n` (`id`, `elementId`, `locale`, `slug`, `uri`, `enabled`, `dateCreated`, `dateUpdated`, `uid`) VALUES ('73', '41', 'en_au', 'ohands', 'about-us/ohands', '1', '2015-09-19 14:29:58', '2015-09-19 14:30:21', '1b681089-1342-40c0-9e23-1cb2c27e6273');
INSERT INTO `craft_elements_i18n` (`id`, `elementId`, `locale`, `slug`, `uri`, `enabled`, `dateCreated`, `dateUpdated`, `uid`) VALUES ('74', '41', 'zh_cn', 'our-company-1', 'about-us/our-company-1', '1', '2015-09-19 14:29:58', '2015-09-19 14:30:21', '695984ee-d591-483d-915c-3cb583a0bc2a');



DROP TABLE IF EXISTS `craft_emailmessages`;


--
-- Schema for table `craft_emailmessages`
--
CREATE TABLE `craft_emailmessages` (
  `id` int(11) NOT NULL AUTO_INCREMENT,
  `key` char(150) COLLATE utf8_unicode_ci NOT NULL,
  `locale` char(12) COLLATE utf8_unicode_ci NOT NULL,
  `subject` varchar(1000) COLLATE utf8_unicode_ci NOT NULL,
  `body` text COLLATE utf8_unicode_ci NOT NULL,
  `dateCreated` datetime NOT NULL,
  `dateUpdated` datetime NOT NULL,
  `uid` char(36) COLLATE utf8_unicode_ci NOT NULL DEFAULT '0',
  PRIMARY KEY (`id`),
  UNIQUE KEY `craft_emailmessages_key_locale_unq_idx` (`key`,`locale`),
  KEY `craft_emailmessages_locale_fk` (`locale`)
) ENGINE=InnoDB DEFAULT CHARSET=utf8 COLLATE=utf8_unicode_ci;

DROP TABLE IF EXISTS `craft_entries`;


--
-- Schema for table `craft_entries`
--
CREATE TABLE `craft_entries` (
  `id` int(11) NOT NULL,
  `sectionId` int(11) NOT NULL,
  `typeId` int(11) DEFAULT NULL,
  `authorId` int(11) DEFAULT NULL,
  `postDate` datetime DEFAULT NULL,
  `expiryDate` datetime DEFAULT NULL,
  `dateCreated` datetime NOT NULL,
  `dateUpdated` datetime NOT NULL,
  `uid` char(36) COLLATE utf8_unicode_ci NOT NULL DEFAULT '0',
  PRIMARY KEY (`id`),
  KEY `craft_entries_sectionId_idx` (`sectionId`),
  KEY `craft_entries_typeId_idx` (`typeId`),
  KEY `craft_entries_postDate_idx` (`postDate`),
  KEY `craft_entries_expiryDate_idx` (`expiryDate`),
  KEY `craft_entries_authorId_fk` (`authorId`)
) ENGINE=InnoDB DEFAULT CHARSET=utf8 COLLATE=utf8_unicode_ci;

--
-- Data for table `craft_entries`
--

INSERT INTO `craft_entries` (`id`, `sectionId`, `typeId`, `authorId`, `postDate`, `expiryDate`, `dateCreated`, `dateUpdated`, `uid`) VALUES ('2', '1', '1', NULL, '2015-09-19 10:52:53', NULL, '2015-08-23 09:32:13', '2015-09-19 10:54:08', 'f7fa782c-6532-47a9-9ea6-6e0e8fb1dc6f');
INSERT INTO `craft_entries` (`id`, `sectionId`, `typeId`, `authorId`, `postDate`, `expiryDate`, `dateCreated`, `dateUpdated`, `uid`) VALUES ('3', '2', '2', '1', '2015-08-23 09:32:13', NULL, '2015-08-23 09:32:14', '2015-08-23 09:32:14', '77627404-d32c-4b09-868d-7fc144a5350d');
INSERT INTO `craft_entries` (`id`, `sectionId`, `typeId`, `authorId`, `postDate`, `expiryDate`, `dateCreated`, `dateUpdated`, `uid`) VALUES ('16', '2', '2', '1', '2015-08-25 11:29:00', NULL, '2015-08-25 11:29:03', '2015-08-29 01:22:29', '39114d5d-1d06-4e6f-8327-e9d9520a31e7');
INSERT INTO `craft_entries` (`id`, `sectionId`, `typeId`, `authorId`, `postDate`, `expiryDate`, `dateCreated`, `dateUpdated`, `uid`) VALUES ('26', '4', '4', '1', '2015-09-17 06:51:00', NULL, '2015-09-17 06:51:13', '2015-09-19 10:55:20', 'cddc7a49-800b-4e8c-beb2-beedda3926b1');
INSERT INTO `craft_entries` (`id`, `sectionId`, `typeId`, `authorId`, `postDate`, `expiryDate`, `dateCreated`, `dateUpdated`, `uid`) VALUES ('27', '4', '4', '1', '2015-09-17 06:52:00', NULL, '2015-09-17 06:52:13', '2015-09-19 10:55:50', '7b2e7e84-01e2-42e6-8adb-5560a644de3c');
INSERT INTO `craft_entries` (`id`, `sectionId`, `typeId`, `authorId`, `postDate`, `expiryDate`, `dateCreated`, `dateUpdated`, `uid`) VALUES ('28', '4', '4', '1', '2015-09-19 02:25:33', NULL, '2015-09-19 02:25:33', '2015-09-19 02:25:33', 'fa85a8b3-b719-41df-8e2c-5281178f685a');
INSERT INTO `craft_entries` (`id`, `sectionId`, `typeId`, `authorId`, `postDate`, `expiryDate`, `dateCreated`, `dateUpdated`, `uid`) VALUES ('29', '4', '4', '1', '2015-09-19 02:48:00', NULL, '2015-09-19 02:48:08', '2015-09-19 03:36:22', '3ccfbc36-44cb-4b12-bd09-6ced70402600');
INSERT INTO `craft_entries` (`id`, `sectionId`, `typeId`, `authorId`, `postDate`, `expiryDate`, `dateCreated`, `dateUpdated`, `uid`) VALUES ('30', '4', '4', '1', '2015-09-19 03:46:00', NULL, '2015-09-19 03:46:58', '2015-09-19 07:27:53', '07174877-d9a1-4f95-9b48-6bf85abfb941');
INSERT INTO `craft_entries` (`id`, `sectionId`, `typeId`, `authorId`, `postDate`, `expiryDate`, `dateCreated`, `dateUpdated`, `uid`) VALUES ('31', '4', '5', '1', '2015-09-19 03:48:00', NULL, '2015-09-19 03:48:30', '2015-09-19 14:11:03', '553b16ee-ee75-4630-9aac-522e7781cfdb');
INSERT INTO `craft_entries` (`id`, `sectionId`, `typeId`, `authorId`, `postDate`, `expiryDate`, `dateCreated`, `dateUpdated`, `uid`) VALUES ('40', '4', '7', '1', '2015-09-19 14:23:00', NULL, '2015-09-19 14:23:53', '2015-09-19 14:26:03', 'd01ddace-e6b6-49d3-aaf5-81d509352d21');
INSERT INTO `craft_entries` (`id`, `sectionId`, `typeId`, `authorId`, `postDate`, `expiryDate`, `dateCreated`, `dateUpdated`, `uid`) VALUES ('41', '4', '4', '1', '2015-09-17 06:52:00', NULL, '2015-09-19 14:29:58', '2015-09-19 14:30:21', 'ed127149-128f-472f-b2ed-05be4338ec9e');



DROP TABLE IF EXISTS `craft_entrydrafts`;


--
-- Schema for table `craft_entrydrafts`
--
CREATE TABLE `craft_entrydrafts` (
  `id` int(11) NOT NULL AUTO_INCREMENT,
  `entryId` int(11) NOT NULL,
  `sectionId` int(11) NOT NULL,
  `creatorId` int(11) NOT NULL,
  `locale` char(12) COLLATE utf8_unicode_ci NOT NULL,
  `name` varchar(255) COLLATE utf8_unicode_ci NOT NULL,
  `notes` tinytext COLLATE utf8_unicode_ci,
  `data` mediumtext COLLATE utf8_unicode_ci NOT NULL,
  `dateCreated` datetime NOT NULL,
  `dateUpdated` datetime NOT NULL,
  `uid` char(36) COLLATE utf8_unicode_ci NOT NULL DEFAULT '0',
  PRIMARY KEY (`id`),
  KEY `craft_entrydrafts_entryId_locale_idx` (`entryId`,`locale`),
  KEY `craft_entrydrafts_sectionId_fk` (`sectionId`),
  KEY `craft_entrydrafts_creatorId_fk` (`creatorId`),
  KEY `craft_entrydrafts_locale_fk` (`locale`)
) ENGINE=InnoDB DEFAULT CHARSET=utf8 COLLATE=utf8_unicode_ci;

DROP TABLE IF EXISTS `craft_entrytypes`;


--
-- Schema for table `craft_entrytypes`
--
CREATE TABLE `craft_entrytypes` (
  `id` int(11) NOT NULL AUTO_INCREMENT,
  `sectionId` int(11) NOT NULL,
  `fieldLayoutId` int(11) DEFAULT NULL,
  `name` varchar(255) COLLATE utf8_unicode_ci NOT NULL,
  `handle` varchar(255) COLLATE utf8_unicode_ci NOT NULL,
  `hasTitleField` tinyint(1) unsigned NOT NULL DEFAULT '1',
  `titleLabel` varchar(255) COLLATE utf8_unicode_ci DEFAULT 'Title',
  `titleFormat` varchar(255) COLLATE utf8_unicode_ci DEFAULT NULL,
  `sortOrder` tinyint(4) DEFAULT NULL,
  `dateCreated` datetime NOT NULL,
  `dateUpdated` datetime NOT NULL,
  `uid` char(36) COLLATE utf8_unicode_ci NOT NULL DEFAULT '0',
  PRIMARY KEY (`id`),
  UNIQUE KEY `craft_entrytypes_name_sectionId_unq_idx` (`name`,`sectionId`),
  UNIQUE KEY `craft_entrytypes_handle_sectionId_unq_idx` (`handle`,`sectionId`),
  KEY `craft_entrytypes_sectionId_fk` (`sectionId`),
  KEY `craft_entrytypes_fieldLayoutId_fk` (`fieldLayoutId`)
) ENGINE=InnoDB AUTO_INCREMENT=8 DEFAULT CHARSET=utf8 COLLATE=utf8_unicode_ci;

--
-- Data for table `craft_entrytypes`
--

INSERT INTO `craft_entrytypes` (`id`, `sectionId`, `fieldLayoutId`, `name`, `handle`, `hasTitleField`, `titleLabel`, `titleFormat`, `sortOrder`, `dateCreated`, `dateUpdated`, `uid`) VALUES ('1', '1', '20', 'Homepage', 'homepage', '1', 'Title', NULL, NULL, '2015-08-23 09:32:13', '2015-08-24 22:27:12', 'ef7dd4ae-33ab-4e86-ae8f-02fbd7efb4a7');
INSERT INTO `craft_entrytypes` (`id`, `sectionId`, `fieldLayoutId`, `name`, `handle`, `hasTitleField`, `titleLabel`, `titleFormat`, `sortOrder`, `dateCreated`, `dateUpdated`, `uid`) VALUES ('2', '2', '16', 'News', 'news', '1', 'Title', NULL, NULL, '2015-08-23 09:32:13', '2015-08-23 11:13:32', 'ec3061c3-8004-400c-853b-361430edf209');
INSERT INTO `craft_entrytypes` (`id`, `sectionId`, `fieldLayoutId`, `name`, `handle`, `hasTitleField`, `titleLabel`, `titleFormat`, `sortOrder`, `dateCreated`, `dateUpdated`, `uid`) VALUES ('4', '4', '45', 'Content', 'contentGeneral', '1', 'Page Title', NULL, NULL, '2015-09-17 06:50:54', '2015-09-19 07:10:18', 'a2b1f05d-2616-4ffc-8c74-51e506f314ee');
INSERT INTO `craft_entrytypes` (`id`, `sectionId`, `fieldLayoutId`, `name`, `handle`, `hasTitleField`, `titleLabel`, `titleFormat`, `sortOrder`, `dateCreated`, `dateUpdated`, `uid`) VALUES ('5', '4', '46', 'Contact Form', 'contact', '1', 'Page Title', NULL, NULL, '2015-09-19 04:00:27', '2015-09-19 07:10:29', 'ff205d14-60fa-4393-8974-288b9a821151');
INSERT INTO `craft_entrytypes` (`id`, `sectionId`, `fieldLayoutId`, `name`, `handle`, `hasTitleField`, `titleLabel`, `titleFormat`, `sortOrder`, `dateCreated`, `dateUpdated`, `uid`) VALUES ('7', '4', '55', 'Redirect', 'redirect', '1', 'Title', NULL, NULL, '2015-09-19 14:22:11', '2015-09-19 14:23:36', 'ebffc463-8fdc-45fe-96f0-ffee9c88639d');



DROP TABLE IF EXISTS `craft_entryversions`;


--
-- Schema for table `craft_entryversions`
--
CREATE TABLE `craft_entryversions` (
  `id` int(11) NOT NULL AUTO_INCREMENT,
  `entryId` int(11) NOT NULL,
  `sectionId` int(11) NOT NULL,
  `creatorId` int(11) DEFAULT NULL,
  `locale` char(12) COLLATE utf8_unicode_ci NOT NULL,
  `num` smallint(6) unsigned NOT NULL,
  `notes` tinytext COLLATE utf8_unicode_ci,
  `data` mediumtext COLLATE utf8_unicode_ci NOT NULL,
  `dateCreated` datetime NOT NULL,
  `dateUpdated` datetime NOT NULL,
  `uid` char(36) COLLATE utf8_unicode_ci NOT NULL DEFAULT '0',
  PRIMARY KEY (`id`),
  KEY `craft_entryversions_entryId_locale_idx` (`entryId`,`locale`),
  KEY `craft_entryversions_sectionId_fk` (`sectionId`),
  KEY `craft_entryversions_creatorId_fk` (`creatorId`),
  KEY `craft_entryversions_locale_fk` (`locale`)
) ENGINE=InnoDB AUTO_INCREMENT=39 DEFAULT CHARSET=utf8 COLLATE=utf8_unicode_ci;

--
-- Data for table `craft_entryversions`
--

INSERT INTO `craft_entryversions` (`id`, `entryId`, `sectionId`, `creatorId`, `locale`, `num`, `notes`, `data`, `dateCreated`, `dateUpdated`, `uid`) VALUES ('1', '26', '4', '1', 'en_au', '1', '', '{\"typeId\":null,\"authorId\":\"1\",\"title\":\"Cool\",\"slug\":\"cool\",\"postDate\":1442472673,\"expiryDate\":null,\"enabled\":1,\"fields\":[]}', '2015-09-17 06:51:13', '2015-09-17 06:51:13', '9f0932c1-a5b8-4643-9404-63635df92f5f');
INSERT INTO `craft_entryversions` (`id`, `entryId`, `sectionId`, `creatorId`, `locale`, `num`, `notes`, `data`, `dateCreated`, `dateUpdated`, `uid`) VALUES ('2', '27', '4', '1', 'en_au', '1', '', '{\"typeId\":null,\"authorId\":\"1\",\"title\":\"Really cool\",\"slug\":\"really-cool\",\"postDate\":1442472733,\"expiryDate\":null,\"enabled\":1,\"fields\":[]}', '2015-09-17 06:52:13', '2015-09-17 06:52:13', '003cab69-7f8b-45c2-9a3f-a7ab57264176');
INSERT INTO `craft_entryversions` (`id`, `entryId`, `sectionId`, `creatorId`, `locale`, `num`, `notes`, `data`, `dateCreated`, `dateUpdated`, `uid`) VALUES ('3', '26', '4', '1', 'en_au', '2', '', '{\"typeId\":\"4\",\"authorId\":\"1\",\"title\":\"About Us\",\"slug\":\"cool\",\"postDate\":1442472660,\"expiryDate\":null,\"enabled\":1,\"fields\":[]}', '2015-09-19 02:20:09', '2015-09-19 02:20:09', 'f0a027a5-c4ca-4679-878e-fb92ffb47fd1');
INSERT INTO `craft_entryversions` (`id`, `entryId`, `sectionId`, `creatorId`, `locale`, `num`, `notes`, `data`, `dateCreated`, `dateUpdated`, `uid`) VALUES ('4', '26', '4', '1', 'en_au', '3', '', '{\"typeId\":\"4\",\"authorId\":\"1\",\"title\":\"About Us\",\"slug\":\"about-us-1\",\"postDate\":1442472660,\"expiryDate\":null,\"enabled\":1,\"fields\":[]}', '2015-09-19 02:20:17', '2015-09-19 02:20:17', 'b30b81b2-36c1-4b34-91f9-61aa35dc0680');
INSERT INTO `craft_entryversions` (`id`, `entryId`, `sectionId`, `creatorId`, `locale`, `num`, `notes`, `data`, `dateCreated`, `dateUpdated`, `uid`) VALUES ('5', '26', '4', '1', 'en_au', '4', '', '{\"typeId\":\"4\",\"authorId\":\"1\",\"title\":\"About Us\",\"slug\":\"about-us-1\",\"postDate\":1442472660,\"expiryDate\":null,\"enabled\":1,\"fields\":[]}', '2015-09-19 02:20:21', '2015-09-19 02:20:21', '9dcbae6b-e941-497c-919b-26547f458244');
INSERT INTO `craft_entryversions` (`id`, `entryId`, `sectionId`, `creatorId`, `locale`, `num`, `notes`, `data`, `dateCreated`, `dateUpdated`, `uid`) VALUES ('6', '27', '4', '1', 'en_au', '2', '', '{\"typeId\":\"4\",\"authorId\":\"1\",\"title\":\"Our Company\",\"slug\":\"our-company\",\"postDate\":1442472720,\"expiryDate\":null,\"enabled\":1,\"fields\":[]}', '2015-09-19 02:24:45', '2015-09-19 02:24:45', 'cce3c910-715f-44be-81c5-7ff47760e53b');
INSERT INTO `craft_entryversions` (`id`, `entryId`, `sectionId`, `creatorId`, `locale`, `num`, `notes`, `data`, `dateCreated`, `dateUpdated`, `uid`) VALUES ('7', '28', '4', '1', 'en_au', '1', '', '{\"typeId\":null,\"authorId\":\"1\",\"title\":\"Strategy & Vision\",\"slug\":\"strategy-and-vision\",\"postDate\":1442629533,\"expiryDate\":null,\"enabled\":1,\"fields\":[]}', '2015-09-19 02:25:33', '2015-09-19 02:25:33', '9e8302cb-59a4-4d49-91cf-4ff3bf3ee7d5');
INSERT INTO `craft_entryversions` (`id`, `entryId`, `sectionId`, `creatorId`, `locale`, `num`, `notes`, `data`, `dateCreated`, `dateUpdated`, `uid`) VALUES ('8', '2', '1', '1', 'en_au', '1', '', '{\"typeId\":null,\"authorId\":null,\"title\":\"Home\",\"slug\":\"homepage\",\"postDate\":1440322333,\"expiryDate\":null,\"enabled\":1,\"fields\":{\"1\":\"<p>roin sit amet est at orci tincidunt volutpat. Curabitur rhoncus semper urna, mattis faucibus lorem commodo eget. Nullam blandit rhoncus ipsum a ullamcorper. Duis placerat lacinia justo, sit amet molestie nulla pellentesque sit amet. Etiam viverra enim ut enim vehicula gravida. Aliquam egestas magna ut leo eleifend, elementum aliquam purus finibus. Donec faucibus neque vel mauris porttitor, in tempor risus rutrum. Donec luctus ac metus quis pulvinar. Phasellus molestie porttitor magna, ut interdum elit lacinia sit amet. Quisque efficitur tempor blandit. Sed consectetur imperdiet dui, quis venenatis dui feugiat quis. Praesent id augue eu nibh efficitur pellentesque.\\r\\n<\\/p><p><img src=\\\"\\/source-assets\\/images\\/_thumb\\/DSC_9927.jpg#asset:24:thumb\\\"><img src=\\\"\\/source-assets\\/images\\/_thumb\\/DSC_9919.jpg#asset:25:thumb\\\">\\r\\n<\\/p>\",\"10\":[\"24\",\"25\"],\"3\":{\"7\":{\"type\":\"slideshow\",\"enabled\":\"1\",\"fields\":{\"caption\":\"Image caption 2\",\"image\":\"this is the 2nd image url\"}},\"4\":{\"type\":\"youtubeEmbed\",\"enabled\":\"1\",\"fields\":{\"videoTitle\":\"This is the title\",\"embedCode\":\"1234\"}},\"5\":{\"type\":\"slideshow\",\"enabled\":\"1\",\"fields\":{\"caption\":\"This is the image caption\",\"image\":\"this is the image url\"}},\"6\":{\"type\":\"pullQuote\",\"enabled\":\"1\",\"fields\":{\"author\":\"Pull quote author\",\"quote\":\"Pull quote content\"}}}}}', '2015-09-19 02:28:54', '2015-09-19 02:28:54', '7dec5fe4-8f37-4e48-ace5-b20f48daee43');
INSERT INTO `craft_entryversions` (`id`, `entryId`, `sectionId`, `creatorId`, `locale`, `num`, `notes`, `data`, `dateCreated`, `dateUpdated`, `uid`) VALUES ('9', '26', '4', '1', 'en_au', '5', '', '{\"typeId\":\"4\",\"authorId\":\"1\",\"title\":\"About Us\",\"slug\":\"about-us-1\",\"postDate\":1442472660,\"expiryDate\":null,\"enabled\":1,\"fields\":[]}', '2015-09-19 02:31:50', '2015-09-19 02:31:50', '4d5c00c4-6356-4cb8-a8da-25127a8360f2');
INSERT INTO `craft_entryversions` (`id`, `entryId`, `sectionId`, `creatorId`, `locale`, `num`, `notes`, `data`, `dateCreated`, `dateUpdated`, `uid`) VALUES ('10', '26', '4', '1', 'en_au', '6', '', '{\"typeId\":\"4\",\"authorId\":\"1\",\"title\":\"About Us\",\"slug\":\"about-us-1\",\"postDate\":1442472660,\"expiryDate\":null,\"enabled\":1,\"fields\":[]}', '2015-09-19 02:31:56', '2015-09-19 02:31:56', '7278000f-b799-42e0-b553-e3baded1eda7');
INSERT INTO `craft_entryversions` (`id`, `entryId`, `sectionId`, `creatorId`, `locale`, `num`, `notes`, `data`, `dateCreated`, `dateUpdated`, `uid`) VALUES ('11', '26', '4', '1', 'en_au', '7', '', '{\"typeId\":\"4\",\"authorId\":\"1\",\"title\":\"About Us\",\"slug\":\"about-us-2\",\"postDate\":1442472660,\"expiryDate\":null,\"enabled\":1,\"fields\":[]}', '2015-09-19 02:32:00', '2015-09-19 02:32:00', 'f2ae626a-048a-4a96-9bb8-fcb447338e57');
INSERT INTO `craft_entryversions` (`id`, `entryId`, `sectionId`, `creatorId`, `locale`, `num`, `notes`, `data`, `dateCreated`, `dateUpdated`, `uid`) VALUES ('12', '26', '4', '1', 'en_au', '8', '', '{\"typeId\":\"4\",\"authorId\":\"1\",\"title\":\"About Us\",\"slug\":\"about-us\",\"postDate\":1442472660,\"expiryDate\":null,\"enabled\":1,\"fields\":[]}', '2015-09-19 02:33:13', '2015-09-19 02:33:13', 'd45bf7de-9003-41b9-add8-19f06de6b854');
INSERT INTO `craft_entryversions` (`id`, `entryId`, `sectionId`, `creatorId`, `locale`, `num`, `notes`, `data`, `dateCreated`, `dateUpdated`, `uid`) VALUES ('13', '29', '4', '1', 'en_au', '1', '', '{\"typeId\":null,\"authorId\":\"1\",\"title\":\"sdg sdfg\",\"slug\":\"sdg-sdfg\",\"postDate\":1442630888,\"expiryDate\":null,\"enabled\":1,\"fields\":[]}', '2015-09-19 02:48:08', '2015-09-19 02:48:08', 'fbc53e7e-7ca1-4ba3-9b95-dd1ccb37bb41');
INSERT INTO `craft_entryversions` (`id`, `entryId`, `sectionId`, `creatorId`, `locale`, `num`, `notes`, `data`, `dateCreated`, `dateUpdated`, `uid`) VALUES ('17', '26', '4', '1', 'en_au', '9', '', '{\"typeId\":\"4\",\"authorId\":\"1\",\"title\":\"About Us\",\"slug\":\"about-us\",\"postDate\":1442472660,\"expiryDate\":null,\"enabled\":1,\"fields\":{\"1\":\"<p>roin semper feugiat bibendum. Etiam varius hendrerit fermentum. Donec porttitor ultricies urna, molestie faucibus lectus convallis eget. Vivamus non mauris ac tellus facilisis dictum. Donec sit amet libero sit amet libero placerat scelerisque a auctor metus. Nullam orci ante, venenatis sit amet velit eget, pellentesque egestas nunc. Class aptent taciti sociosqu ad litora torquent per conubia nostra, per inceptos himenaeos. Cras sed nisl eros.\\r\\n<\\/p>\",\"10\":[\"25\"]}}', '2015-09-19 03:34:01', '2015-09-19 03:34:01', '9d430d8e-a5d7-4863-ba80-7d0df8e905b2');
INSERT INTO `craft_entryversions` (`id`, `entryId`, `sectionId`, `creatorId`, `locale`, `num`, `notes`, `data`, `dateCreated`, `dateUpdated`, `uid`) VALUES ('18', '27', '4', '1', 'en_au', '3', '', '{\"typeId\":\"4\",\"authorId\":\"1\",\"title\":\"Our Company\",\"slug\":\"our-company\",\"postDate\":1442472720,\"expiryDate\":null,\"enabled\":1,\"fields\":{\"1\":\"<p>roin semper feugiat bibendum. Etiam varius hendrerit fermentum. Donec porttitor ultricies urna, molestie faucibus lectus convallis eget. Vivamus non mauris ac tellus facilisis dictum. Donec sit amet libero sit amet libero placerat scelerisque a auctor metus. Nullam orci ante, venenatis sit amet velit eget, pellentesque egestas nunc. Class aptent taciti sociosqu ad litora torquent per conubia nostra, per inceptos himenaeos. Cras sed nisl eros.<\\/p>\",\"10\":\"\"}}', '2015-09-19 03:35:43', '2015-09-19 03:35:43', 'e2d609c1-0991-4fdd-9c5e-1155afa827da');
INSERT INTO `craft_entryversions` (`id`, `entryId`, `sectionId`, `creatorId`, `locale`, `num`, `notes`, `data`, `dateCreated`, `dateUpdated`, `uid`) VALUES ('19', '29', '4', '1', 'en_au', '2', '', '{\"typeId\":\"4\",\"authorId\":\"1\",\"title\":\"Our Staff\",\"slug\":\"our-staff\",\"postDate\":1442630880,\"expiryDate\":null,\"enabled\":1,\"fields\":{\"1\":\"\",\"10\":\"\"}}', '2015-09-19 03:36:04', '2015-09-19 03:36:04', '301741b5-39db-4d1e-8809-d7bcc370c339');
INSERT INTO `craft_entryversions` (`id`, `entryId`, `sectionId`, `creatorId`, `locale`, `num`, `notes`, `data`, `dateCreated`, `dateUpdated`, `uid`) VALUES ('20', '29', '4', '1', 'en_au', '3', '', '{\"typeId\":\"4\",\"authorId\":\"1\",\"title\":\"Our Staff\",\"slug\":\"our-staff\",\"postDate\":1442630880,\"expiryDate\":null,\"enabled\":1,\"fields\":{\"1\":\"\",\"10\":\"\"}}', '2015-09-19 03:36:10', '2015-09-19 03:36:10', 'f3c65a68-7921-4763-8232-4e7050f62a70');
INSERT INTO `craft_entryversions` (`id`, `entryId`, `sectionId`, `creatorId`, `locale`, `num`, `notes`, `data`, `dateCreated`, `dateUpdated`, `uid`) VALUES ('21', '29', '4', '1', 'en_au', '4', '', '{\"typeId\":\"4\",\"authorId\":\"1\",\"title\":\"Our Staff\",\"slug\":\"our-staff\",\"postDate\":1442630880,\"expiryDate\":null,\"enabled\":1,\"fields\":{\"1\":\"<p>Nulla vulputate eleifend turpis ut efficitur. Praesent quis pellentesque dolor. Nulla eget tellus quis velit iaculis facilisis eget in diam. Vivamus sed cursus felis. Morbi ut metus sed neque tincidunt viverra sed vel nunc. Nunc sodales lorem non mi lacinia, eu tincidunt elit pulvinar. Sed rhoncus egestas commodo. Suspendisse egestas eros eget sapien molestie, sit amet vulputate magna volutpat. Sed vehicula sodales libero, at volutpat dui ultrices vitae. Suspendisse ante nulla, consectetur a ultricies sed, scelerisque quis turpis. Donec rutrum mi dui, tempus consectetur est hendrerit ut. Curabitur eget turpis id est dapibus sodales sed at risus. Sed eu euismod libero. Ut lectus neque, sodales et ipsum ut, fermentum accumsan massa. Donec mollis, quam non luctus blandit, nisl est sagittis lacus, eget hendrerit ante dolor sed dui.<\\/p>\",\"10\":\"\"}}', '2015-09-19 03:36:22', '2015-09-19 03:36:22', '6b1507ae-89e2-4ad8-bc80-b35c2a4b0efb');
INSERT INTO `craft_entryversions` (`id`, `entryId`, `sectionId`, `creatorId`, `locale`, `num`, `notes`, `data`, `dateCreated`, `dateUpdated`, `uid`) VALUES ('22', '30', '4', '1', 'en_au', '1', '', '{\"typeId\":null,\"authorId\":\"1\",\"title\":\"Contact Us\",\"slug\":\"contact-us\",\"postDate\":1442634418,\"expiryDate\":null,\"enabled\":1,\"fields\":{\"1\":\"\",\"10\":\"\"}}', '2015-09-19 03:46:58', '2015-09-19 03:46:58', 'fb800dfd-fa3d-4a0a-a65c-b104f133fd39');
INSERT INTO `craft_entryversions` (`id`, `entryId`, `sectionId`, `creatorId`, `locale`, `num`, `notes`, `data`, `dateCreated`, `dateUpdated`, `uid`) VALUES ('23', '30', '4', '1', 'en_au', '2', '', '{\"typeId\":\"4\",\"authorId\":\"1\",\"title\":\"Contact Us\",\"slug\":\"contact-us\",\"postDate\":1442634360,\"expiryDate\":null,\"enabled\":1,\"fields\":{\"1\":\"<p>P\\t(03) 0000 0000<br>F\\t(03) 0000 0000<br>A 000 Somewhere St<br>Launceston, TAS 7250<\\/p>\",\"10\":\"\"}}', '2015-09-19 03:48:09', '2015-09-19 03:48:09', 'e2eceb7a-83d9-4b02-924c-f77ea1d2c129');
INSERT INTO `craft_entryversions` (`id`, `entryId`, `sectionId`, `creatorId`, `locale`, `num`, `notes`, `data`, `dateCreated`, `dateUpdated`, `uid`) VALUES ('24', '31', '4', '1', 'en_au', '1', '', '{\"typeId\":null,\"authorId\":\"1\",\"title\":\"Contact Form\",\"slug\":\"contact-form\",\"postDate\":1442634510,\"expiryDate\":null,\"enabled\":1,\"fields\":{\"1\":\"<p>Form to go here<\\/p>\",\"10\":\"\"}}', '2015-09-19 03:48:30', '2015-09-19 03:48:30', 'a04e9a8e-d974-4fce-8e77-746154a5cf14');
INSERT INTO `craft_entryversions` (`id`, `entryId`, `sectionId`, `creatorId`, `locale`, `num`, `notes`, `data`, `dateCreated`, `dateUpdated`, `uid`) VALUES ('25', '31', '4', '1', 'en_au', '2', '', '{\"typeId\":\"5\",\"authorId\":\"1\",\"title\":\"Contact Form\",\"slug\":\"contact-form\",\"postDate\":1442634480,\"expiryDate\":null,\"enabled\":1,\"fields\":{\"1\":\"<p>Form to go here<\\/p>\",\"11\":\"\"}}', '2015-09-19 04:12:53', '2015-09-19 04:12:53', '193a2f63-ce58-4fb6-8a80-57ac3b035cbe');
INSERT INTO `craft_entryversions` (`id`, `entryId`, `sectionId`, `creatorId`, `locale`, `num`, `notes`, `data`, `dateCreated`, `dateUpdated`, `uid`) VALUES ('26', '31', '4', '1', 'en_au', '3', '', '{\"typeId\":\"5\",\"authorId\":\"1\",\"title\":\"Contact Form\",\"slug\":\"contact-form\",\"postDate\":1442634480,\"expiryDate\":null,\"enabled\":1,\"fields\":{\"1\":\"<p>Form to go here<\\/p>\",\"11\":{\"new1\":{\"type\":\"contactBlock\",\"enabled\":\"1\",\"fields\":{\"fieldTitle\":\"Phone\",\"fieldValue\":\"0000 0000\"}},\"new2\":{\"type\":\"contactBlock\",\"enabled\":\"1\",\"fields\":{\"fieldTitle\":\"Email\",\"fieldValue\":\"user@domain.name\"}}}}}', '2015-09-19 04:13:35', '2015-09-19 04:13:35', 'e60817f8-2391-4060-a795-7203eba160cf');
INSERT INTO `craft_entryversions` (`id`, `entryId`, `sectionId`, `creatorId`, `locale`, `num`, `notes`, `data`, `dateCreated`, `dateUpdated`, `uid`) VALUES ('28', '30', '4', '1', 'en_au', '3', '', '{\"typeId\":\"4\",\"authorId\":\"1\",\"title\":\"Contact Us\",\"slug\":\"contact\",\"postDate\":1442634360,\"expiryDate\":null,\"enabled\":1,\"fields\":{\"1\":\"<p>P\\t(03) 0000 0000<br>F\\t(03) 0000 0000<br>A 000 Somewhere St<br>Launceston, TAS 7250<\\/p>\",\"10\":\"\"}}', '2015-09-19 07:27:53', '2015-09-19 07:27:53', '60e0df56-ed2a-426e-bea2-081785e8572d');
INSERT INTO `craft_entryversions` (`id`, `entryId`, `sectionId`, `creatorId`, `locale`, `num`, `notes`, `data`, `dateCreated`, `dateUpdated`, `uid`) VALUES ('29', '2', '1', '1', 'zh_cn', '1', '', '{\"typeId\":\"1\",\"authorId\":null,\"title\":\"\\u4e0b\\u8f7d\\u4e2d\\u5fc3\",\"slug\":\"homepage\",\"postDate\":1442659973,\"expiryDate\":null,\"enabled\":1,\"fields\":{\"1\":\"<p>\\u4e0b\\u8f7d\\u4e2d\\u5fc3\\u4e0b\\u8f7d\\u4e2d\\u5fc3\\u4e0b\\u8f7d\\u4e2d\\u5fc3<span class=\\\"redactor-invisible-space\\\">\\u4e0b\\u8f7d\\u4e2d\\u5fc3\\u4e0b\\u8f7d\\u4e2d\\u5fc3<span class=\\\"redactor-invisible-space\\\">\\u4e0b\\u8f7d\\u4e2d\\u5fc3<span class=\\\"redactor-invisible-space\\\">\\u4e0b\\u8f7d\\u4e2d\\u5fc3\\u4e0b\\u8f7d\\u4e2d\\u5fc3<span class=\\\"redactor-invisible-space\\\">\\u4e0b\\u8f7d\\u4e2d\\u5fc3<span class=\\\"redactor-invisible-space\\\">\\u4e0b\\u8f7d\\u4e2d\\u5fc3\\u4e0b\\u8f7d\\u4e2d\\u5fc3<span class=\\\"redactor-invisible-space\\\">\\u4e0b\\u8f7d\\u4e2d\\u5fc3\\u4e0b\\u8f7d\\u4e2d\\u5fc3<span class=\\\"redactor-invisible-space\\\">\\u4e0b\\u8f7d\\u4e2d\\u5fc3\\u4e0b\\u8f7d\\u4e2d\\u5fc3<span class=\\\"redactor-invisible-space\\\">\\u4e0b\\u8f7d\\u4e2d\\u5fc3<span class=\\\"redactor-invisible-space\\\">\\u4e0b\\u8f7d\\u4e2d\\u5fc3<span class=\\\"redactor-invisible-space\\\"><\\/span><\\/span><\\/span><\\/span><\\/span><\\/span><\\/span><\\/span><\\/span><\\/span><\\/p><p><img src=\\\"\\/source-assets\\/images\\/_thumb\\/DSC_9927.jpg#asset:24:thumb\\\"><img src=\\\"\\/source-assets\\/images\\/_thumb\\/DSC_9919.jpg#asset:25:thumb\\\">\\r\\n<\\/p>\",\"10\":\"\",\"3\":\"\"}}', '2015-09-19 10:53:44', '2015-09-19 10:53:44', '673c99b8-4e56-4993-8e98-4336ba82756d');
INSERT INTO `craft_entryversions` (`id`, `entryId`, `sectionId`, `creatorId`, `locale`, `num`, `notes`, `data`, `dateCreated`, `dateUpdated`, `uid`) VALUES ('30', '2', '1', '1', 'zh_cn', '2', '', '{\"typeId\":\"1\",\"authorId\":null,\"title\":\"\\u4e0b\\u8f7d\\u4e2d\\u5fc3\",\"slug\":\"homepage\",\"postDate\":1442659973,\"expiryDate\":null,\"enabled\":1,\"fields\":{\"1\":\"<p>\\u4e0b\\u8f7d\\u4e2d\\u5fc3\\u4e0b\\u8f7d\\u4e2d\\u5fc3\\u4e0b\\u8f7d\\u4e2d\\u5fc3\\u4e0b\\u8f7d\\u4e2d\\u5fc3\\u4e0b\\u8f7d\\u4e2d\\u5fc3\\u4e0b\\u8f7d\\u4e2d\\u5fc3\\u4e0b\\u8f7d\\u4e2d\\u5fc3\\u4e0b\\u8f7d\\u4e2d\\u5fc3\\u4e0b\\u8f7d\\u4e2d\\u5fc3\\u4e0b\\u8f7d\\u4e2d\\u5fc3\\u4e0b\\u8f7d\\u4e2d\\u5fc3\\u4e0b\\u8f7d\\u4e2d\\u5fc3\\u4e0b\\u8f7d\\u4e2d\\u5fc3\\u4e0b\\u8f7d\\u4e2d\\u5fc3\\u4e0b\\u8f7d\\u4e2d\\u5fc3\\u4e0b\\u8f7d\\u4e2d\\u5fc3\\u4e0b\\u8f7d\\u4e2d\\u5fc3<\\/p><p><img src=\\\"\\/source-assets\\/images\\/_thumb\\/DSC_9927.jpg#asset:24:thumb\\\"><img src=\\\"\\/source-assets\\/images\\/_thumb\\/DSC_9919.jpg#asset:25:thumb\\\">\\r\\n<\\/p>\",\"10\":\"\",\"3\":\"\"}}', '2015-09-19 10:54:08', '2015-09-19 10:54:08', '30910847-96f4-4218-bde9-926001f5ea97');
INSERT INTO `craft_entryversions` (`id`, `entryId`, `sectionId`, `creatorId`, `locale`, `num`, `notes`, `data`, `dateCreated`, `dateUpdated`, `uid`) VALUES ('31', '26', '4', '1', 'zh_cn', '1', '', '{\"typeId\":\"4\",\"authorId\":\"1\",\"title\":\"\\u673a\\u53ca\\u5176\\u4ed6\",\"slug\":\"about-us\",\"postDate\":1442472660,\"expiryDate\":null,\"enabled\":1,\"fields\":{\"1\":\"<p>\\u4e0b\\u8f7d\\u4e2d\\u5fc3\\r\\n<\\/p><p>\\u60a8\\u53ef\\u4e0b\\u8f7d\\u6570\\u7801\\u7167\\u76f8\\u673a\\u53ca\\u5176\\u4ed6\\u5f71\\u50cf\\u8bbe\\u5907\\u7684\\u8bf4\\u660e\\u4e66\\u3001\\u8f6f\\u4ef6\\u548c\\u56fa\\u4ef6(\\u56fa\\u4ef6\\u662f\\u6307\\u63a7\\u5236\\u7167\\u76f8\\u673a\\u548c\\u5176\\u4ed6\\u8bbe\\u5907\\u7684\\u5185\\u7f6e\\u8f6f\\u4ef6)\\u3002\\u7ee7\\u7eed\\u64cd\\u4f5c\\u524d,\\u8bf7\\u5148\\u9605\\u8bfb\\u8bf4\\u660e\\u3001\\u6ce8\\u610f\\u4e8b\\u9879\\u4ee5\\u53ca\\u4e0b\\u8f7d\\u548c\\u5b89\\u88c5\\u6307\\u793a\\u8bf4\\u660e\\u3002\\u65e0\\u6cd5\\u8fdb\\u884c\\u672a\\u5217\\u51fa\\u4ea7\\u54c1\\u7684\\u76f8\\u5173\\u4e0b\\u8f7d\\u3002\\r\\n<\\/p>\",\"10\":\"\"}}', '2015-09-19 10:55:20', '2015-09-19 10:55:20', 'f7cc8be6-c0d5-4ead-bda5-109020f83c3a');
INSERT INTO `craft_entryversions` (`id`, `entryId`, `sectionId`, `creatorId`, `locale`, `num`, `notes`, `data`, `dateCreated`, `dateUpdated`, `uid`) VALUES ('32', '27', '4', '1', 'zh_cn', '1', '', '{\"typeId\":\"4\",\"authorId\":\"1\",\"title\":\"\\u6309\\u94ae\\u5f00\\u59cb\\u4e0b\\u8f7d\",\"slug\":\"our-company\",\"postDate\":1442472720,\"expiryDate\":null,\"enabled\":1,\"fields\":{\"1\":\"<p>\\u8fd9\\u4e9b\\u4e0b\\u8f7d\\u6761\\u6b3e\\u53ca\\u6761\\u4ef6(\\u201c<strong>\\u534f\\u8bae\\u201d)\\u6784\\u6210<\\/strong>\\u4e86\\u60a8(\\u4e2a\\u4eba\\u6216\\u5355\\u4e2a\\u5b9e\\u4f53)\\u548c\\u5c3c\\u5eb7\\u516c\\u53f8(\\u201c\\u5c3c\\u5eb7\\u201d)\\u4e4b\\u95f4\\u7684\\u6cd5\\u5f8b\\u534f\\u8bae,\\u5b83\\u89c4\\u5b9a\\u4e86\\u60a8\\u4e0b\\u8f7d\\u5c3c\\u5eb7\\u4ea7\\u54c1\\u64cd\\u4f5c\\u8bf4\\u660e\\u4e66(\\u201c\\u8bf4\\u660e\\u4e66\\u201d)\\u65f6\\u5e94\\u9075\\u5b88\\u7684\\u6761\\u6b3e\\u548c\\u6761\\u4ef6\\u3002\\u5355\\u51fb\\u672c\\u9875\\u9762\\u4e2d\\u7684\\u201c\\u6211\\u540c\\u610f-\\u5f00\\u59cb\\u4e0b\\u8f7d\\u201d\\u6309\\u94ae\\u5f00\\u59cb\\u4e0b\\u8f7d\\u8bf4\\u660e\\u4e66,\\u5373\\u8868\\u793a\\u60a8\\u63a5\\u53d7\\u672c\\u534f\\u8bae\\u5e76\\u540c\\u610f\\u9075\\u5b88\\u672c\\u534f\\u8bae\\u4e4b\\u6761\\u6b3e\\u3002\\u5982\\u679c\\u60a8\\u4e0d\\u540c\\u610f\\u672c\\u534f\\u8bae\\u7684\\u6761\\u6b3e,\\u60a8\\u5c06\\u65e0\\u6743\\u4e0b\\u8f7d\\u672c\\u8bf4\\u660e\\u4e66\\u3002\\u5f00\\u59cb\\u4e0b\\u8f7d\\u4e4b\\u524d\\u8bf7\\u5148\\u4ed4\\u7ec6\\u9605\\u8bfb\\u672c\\u534f\\u8bae\\u3002<\\/p>\",\"10\":\"\"}}', '2015-09-19 10:55:50', '2015-09-19 10:55:50', 'c40942b0-0207-48d3-a355-c97a7d52a93d');
INSERT INTO `craft_entryversions` (`id`, `entryId`, `sectionId`, `creatorId`, `locale`, `num`, `notes`, `data`, `dateCreated`, `dateUpdated`, `uid`) VALUES ('33', '31', '4', '1', 'en_au', '4', '', '{\"typeId\":\"5\",\"authorId\":\"1\",\"title\":\"Contact Form\",\"slug\":\"contact-form\",\"postDate\":1442634480,\"expiryDate\":null,\"enabled\":1,\"fields\":{\"1\":\"<p>Form to go here<\\/p>\",\"11\":[{\"col1\":\"Phone\",\"col2\":\"0000 0000\"},{\"col1\":\"Address\",\"col2\":\"34 My Street, Suburb, Tas, 7250\"},{\"col1\":\"Email\",\"col2\":\"your@address.com\"},{\"col1\":\"Fax\",\"col2\":\"0000 0000\"}]}}', '2015-09-19 14:11:03', '2015-09-19 14:11:03', 'fe59c7ac-24e3-4383-8db1-520e2cf590ee');
INSERT INTO `craft_entryversions` (`id`, `entryId`, `sectionId`, `creatorId`, `locale`, `num`, `notes`, `data`, `dateCreated`, `dateUpdated`, `uid`) VALUES ('34', '40', '4', '1', 'en_au', '1', '', '{\"typeId\":\"4\",\"authorId\":\"1\",\"title\":\"News\",\"slug\":\"news-redir\",\"postDate\":1442672633,\"expiryDate\":null,\"enabled\":1,\"fields\":{\"1\":\"\",\"10\":\"\"}}', '2015-09-19 14:23:53', '2015-09-19 14:23:53', 'd6d35b36-bdfe-4634-988b-a900b8894673');
INSERT INTO `craft_entryversions` (`id`, `entryId`, `sectionId`, `creatorId`, `locale`, `num`, `notes`, `data`, `dateCreated`, `dateUpdated`, `uid`) VALUES ('35', '40', '4', '1', 'en_au', '2', '', '{\"typeId\":\"7\",\"authorId\":\"1\",\"title\":\"News\",\"slug\":\"news-redir\",\"postDate\":1442672580,\"expiryDate\":null,\"enabled\":1,\"fields\":{\"19\":[\"16\"]}}', '2015-09-19 14:24:59', '2015-09-19 14:24:59', '8f0aea8a-3b3d-4c02-8003-ba1c86ed0b09');
INSERT INTO `craft_entryversions` (`id`, `entryId`, `sectionId`, `creatorId`, `locale`, `num`, `notes`, `data`, `dateCreated`, `dateUpdated`, `uid`) VALUES ('36', '40', '4', '1', 'en_au', '3', '', '{\"typeId\":\"7\",\"authorId\":\"1\",\"title\":\"News\",\"slug\":\"news-redir\",\"postDate\":1442672580,\"expiryDate\":null,\"enabled\":1,\"fields\":{\"19\":\"\\/news\"}}', '2015-09-19 14:26:03', '2015-09-19 14:26:03', '58d451ea-3737-44ce-93ea-8635810219a4');
INSERT INTO `craft_entryversions` (`id`, `entryId`, `sectionId`, `creatorId`, `locale`, `num`, `notes`, `data`, `dateCreated`, `dateUpdated`, `uid`) VALUES ('37', '41', '4', '1', 'en_au', '1', '', '{\"typeId\":\"4\",\"authorId\":\"1\",\"title\":\"Our Company\",\"slug\":\"our-company-1\",\"postDate\":1442472720,\"expiryDate\":null,\"enabled\":1,\"fields\":{\"1\":\"<p>roin semper feugiat bibendum. Etiam varius hendrerit fermentum. Donec porttitor ultricies urna, molestie faucibus lectus convallis eget. Vivamus non mauris ac tellus facilisis dictum. Donec sit amet libero sit amet libero placerat scelerisque a auctor metus. Nullam orci ante, venenatis sit amet velit eget, pellentesque egestas nunc. Class aptent taciti sociosqu ad litora torquent per conubia nostra, per inceptos himenaeos. Cras sed nisl eros.<\\/p>\",\"10\":\"\"}}', '2015-09-19 14:29:58', '2015-09-19 14:29:58', '0aeb8832-22df-4fc9-878c-5e82b6a2f01a');
INSERT INTO `craft_entryversions` (`id`, `entryId`, `sectionId`, `creatorId`, `locale`, `num`, `notes`, `data`, `dateCreated`, `dateUpdated`, `uid`) VALUES ('38', '41', '4', '1', 'en_au', '2', '', '{\"typeId\":\"4\",\"authorId\":\"1\",\"title\":\"OH&S\",\"slug\":\"ohands\",\"postDate\":1442472720,\"expiryDate\":null,\"enabled\":1,\"fields\":{\"1\":\"<p>roin semper feugiat bibendum. Etiam varius hendrerit fermentum. Donec porttitor ultricies urna, molestie faucibus lectus convallis eget. Vivamus non mauris ac tellus facilisis dictum. Donec sit amet libero sit amet libero placerat scelerisque a auctor metus. Nullam orci ante, venenatis sit amet velit eget, pellentesque egestas nunc. Class aptent taciti sociosqu ad litora torquent per conubia nostra, per inceptos himenaeos. Cras sed nisl eros.<\\/p>\",\"10\":\"\"}}', '2015-09-19 14:30:21', '2015-09-19 14:30:21', '51425725-b6db-46e6-98b4-e09721c4f743');



DROP TABLE IF EXISTS `craft_fieldgroups`;


--
-- Schema for table `craft_fieldgroups`
--
CREATE TABLE `craft_fieldgroups` (
  `id` int(11) NOT NULL AUTO_INCREMENT,
  `name` varchar(255) COLLATE utf8_unicode_ci NOT NULL,
  `dateCreated` datetime NOT NULL,
  `dateUpdated` datetime NOT NULL,
  `uid` char(36) COLLATE utf8_unicode_ci NOT NULL DEFAULT '0',
  PRIMARY KEY (`id`),
  UNIQUE KEY `craft_fieldgroups_name_unq_idx` (`name`)
) ENGINE=InnoDB AUTO_INCREMENT=7 DEFAULT CHARSET=utf8 COLLATE=utf8_unicode_ci;

--
-- Data for table `craft_fieldgroups`
--

INSERT INTO `craft_fieldgroups` (`id`, `name`, `dateCreated`, `dateUpdated`, `uid`) VALUES ('1', '0) Default', '2015-08-23 09:32:13', '2015-09-19 14:18:03', 'b37178d9-7e13-4016-952b-a266a79ff33b');
INSERT INTO `craft_fieldgroups` (`id`, `name`, `dateCreated`, `dateUpdated`, `uid`) VALUES ('3', 'Images', '2015-08-23 11:35:56', '2015-08-23 11:35:56', '10c155c8-8493-4ee9-a695-2f5ad744a78a');
INSERT INTO `craft_fieldgroups` (`id`, `name`, `dateCreated`, `dateUpdated`, `uid`) VALUES ('5', 'Forms', '2015-09-19 11:09:34', '2015-09-19 11:09:34', '3c250a28-5e43-4569-89cb-40cc45cc6ef1');
INSERT INTO `craft_fieldgroups` (`id`, `name`, `dateCreated`, `dateUpdated`, `uid`) VALUES ('6', 'Contact', '2015-09-19 14:16:49', '2015-09-19 14:16:49', 'd4e4272e-c01c-4b0a-8208-e54639877ecb');



DROP TABLE IF EXISTS `craft_fieldlayoutfields`;


--
-- Schema for table `craft_fieldlayoutfields`
--
CREATE TABLE `craft_fieldlayoutfields` (
  `id` int(11) NOT NULL AUTO_INCREMENT,
  `layoutId` int(11) NOT NULL,
  `tabId` int(11) NOT NULL,
  `fieldId` int(11) NOT NULL,
  `required` tinyint(1) unsigned NOT NULL DEFAULT '0',
  `sortOrder` tinyint(4) DEFAULT NULL,
  `dateCreated` datetime NOT NULL,
  `dateUpdated` datetime NOT NULL,
  `uid` char(36) COLLATE utf8_unicode_ci NOT NULL DEFAULT '0',
  PRIMARY KEY (`id`),
  UNIQUE KEY `craft_fieldlayoutfields_layoutId_fieldId_unq_idx` (`layoutId`,`fieldId`),
  KEY `craft_fieldlayoutfields_sortOrder_idx` (`sortOrder`),
  KEY `craft_fieldlayoutfields_tabId_fk` (`tabId`),
  KEY `craft_fieldlayoutfields_fieldId_fk` (`fieldId`)
) ENGINE=InnoDB AUTO_INCREMENT=84 DEFAULT CHARSET=utf8 COLLATE=utf8_unicode_ci;

--
-- Data for table `craft_fieldlayoutfields`
--

INSERT INTO `craft_fieldlayoutfields` (`id`, `layoutId`, `tabId`, `fieldId`, `required`, `sortOrder`, `dateCreated`, `dateUpdated`, `uid`) VALUES ('24', '16', '14', '1', '1', '1', '2015-08-23 11:13:32', '2015-08-23 11:13:32', '8d4e0cb7-e2ed-457a-8bdd-99f8bc3cc4ec');
INSERT INTO `craft_fieldlayoutfields` (`id`, `layoutId`, `tabId`, `fieldId`, `required`, `sortOrder`, `dateCreated`, `dateUpdated`, `uid`) VALUES ('25', '16', '14', '2', '0', '2', '2015-08-23 11:13:32', '2015-08-23 11:13:32', '17be98a6-521f-4def-86eb-b405ca0c3035');
INSERT INTO `craft_fieldlayoutfields` (`id`, `layoutId`, `tabId`, `fieldId`, `required`, `sortOrder`, `dateCreated`, `dateUpdated`, `uid`) VALUES ('28', '20', '17', '1', '1', '1', '2015-08-24 22:27:12', '2015-08-24 22:27:12', 'd317f915-b45d-4637-919d-b16af1ecb393');
INSERT INTO `craft_fieldlayoutfields` (`id`, `layoutId`, `tabId`, `fieldId`, `required`, `sortOrder`, `dateCreated`, `dateUpdated`, `uid`) VALUES ('29', '20', '17', '10', '0', '2', '2015-08-24 22:27:12', '2015-08-24 22:27:12', 'bcc9ef78-8fa5-45f1-a570-42c355693223');
INSERT INTO `craft_fieldlayoutfields` (`id`, `layoutId`, `tabId`, `fieldId`, `required`, `sortOrder`, `dateCreated`, `dateUpdated`, `uid`) VALUES ('30', '20', '18', '3', '0', '1', '2015-08-24 22:27:12', '2015-08-24 22:27:12', '670a15e2-0ced-433f-b1ea-57c8192de222');
INSERT INTO `craft_fieldlayoutfields` (`id`, `layoutId`, `tabId`, `fieldId`, `required`, `sortOrder`, `dateCreated`, `dateUpdated`, `uid`) VALUES ('31', '27', '19', '4', '1', '1', '2015-09-19 02:46:02', '2015-09-19 02:46:02', '96cd3ea7-efb5-4516-b308-609caae55494');
INSERT INTO `craft_fieldlayoutfields` (`id`, `layoutId`, `tabId`, `fieldId`, `required`, `sortOrder`, `dateCreated`, `dateUpdated`, `uid`) VALUES ('32', '27', '19', '5', '1', '2', '2015-09-19 02:46:02', '2015-09-19 02:46:02', '00c062a7-cff2-4980-9912-f9c9dc812fca');
INSERT INTO `craft_fieldlayoutfields` (`id`, `layoutId`, `tabId`, `fieldId`, `required`, `sortOrder`, `dateCreated`, `dateUpdated`, `uid`) VALUES ('33', '28', '20', '6', '1', '1', '2015-09-19 02:46:02', '2015-09-19 02:46:02', '4bc65339-d1d4-40ba-a994-34fdde001b09');
INSERT INTO `craft_fieldlayoutfields` (`id`, `layoutId`, `tabId`, `fieldId`, `required`, `sortOrder`, `dateCreated`, `dateUpdated`, `uid`) VALUES ('34', '28', '20', '7', '1', '2', '2015-09-19 02:46:02', '2015-09-19 02:46:02', 'f07e1281-f6e6-4ae9-8524-7dc2d8bf65a1');
INSERT INTO `craft_fieldlayoutfields` (`id`, `layoutId`, `tabId`, `fieldId`, `required`, `sortOrder`, `dateCreated`, `dateUpdated`, `uid`) VALUES ('35', '29', '21', '8', '1', '1', '2015-09-19 02:46:02', '2015-09-19 02:46:02', '331852fe-54c2-42b8-a0b5-984502381a90');
INSERT INTO `craft_fieldlayoutfields` (`id`, `layoutId`, `tabId`, `fieldId`, `required`, `sortOrder`, `dateCreated`, `dateUpdated`, `uid`) VALUES ('36', '29', '21', '9', '1', '2', '2015-09-19 02:46:02', '2015-09-19 02:46:02', '1540de6d-c664-466d-82c8-dc9db9ae876e');
INSERT INTO `craft_fieldlayoutfields` (`id`, `layoutId`, `tabId`, `fieldId`, `required`, `sortOrder`, `dateCreated`, `dateUpdated`, `uid`) VALUES ('49', '41', '28', '12', '1', '1', '2015-09-19 04:12:16', '2015-09-19 04:12:16', 'f9f722e8-c751-42dd-9e7f-7f05ae8da818');
INSERT INTO `craft_fieldlayoutfields` (`id`, `layoutId`, `tabId`, `fieldId`, `required`, `sortOrder`, `dateCreated`, `dateUpdated`, `uid`) VALUES ('50', '41', '28', '13', '0', '2', '2015-09-19 04:12:16', '2015-09-19 04:12:16', 'e1d0d2e7-80d5-4b0a-9372-ad51dbe9d5ad');
INSERT INTO `craft_fieldlayoutfields` (`id`, `layoutId`, `tabId`, `fieldId`, `required`, `sortOrder`, `dateCreated`, `dateUpdated`, `uid`) VALUES ('55', '45', '31', '1', '0', '1', '2015-09-19 07:10:18', '2015-09-19 07:10:18', '1e136672-69bd-4779-b7a4-77b57d96ec42');
INSERT INTO `craft_fieldlayoutfields` (`id`, `layoutId`, `tabId`, `fieldId`, `required`, `sortOrder`, `dateCreated`, `dateUpdated`, `uid`) VALUES ('56', '45', '31', '10', '0', '2', '2015-09-19 07:10:18', '2015-09-19 07:10:18', 'a97d8e55-011d-41c6-8acf-44a635eaadf8');
INSERT INTO `craft_fieldlayoutfields` (`id`, `layoutId`, `tabId`, `fieldId`, `required`, `sortOrder`, `dateCreated`, `dateUpdated`, `uid`) VALUES ('57', '46', '32', '1', '0', '1', '2015-09-19 07:10:29', '2015-09-19 07:10:29', 'bd65d9b3-3a75-49c9-a6d8-a5d5886b945d');
INSERT INTO `craft_fieldlayoutfields` (`id`, `layoutId`, `tabId`, `fieldId`, `required`, `sortOrder`, `dateCreated`, `dateUpdated`, `uid`) VALUES ('58', '46', '32', '11', '0', '2', '2015-09-19 07:10:29', '2015-09-19 07:10:29', '25a18641-d17b-402a-99a0-934c84ad42cb');
INSERT INTO `craft_fieldlayoutfields` (`id`, `layoutId`, `tabId`, `fieldId`, `required`, `sortOrder`, `dateCreated`, `dateUpdated`, `uid`) VALUES ('78', '53', '38', '14', '1', '1', '2015-09-19 13:44:13', '2015-09-19 13:44:13', '492f47e3-4a98-47e0-acb5-97a01e72fa21');
INSERT INTO `craft_fieldlayoutfields` (`id`, `layoutId`, `tabId`, `fieldId`, `required`, `sortOrder`, `dateCreated`, `dateUpdated`, `uid`) VALUES ('79', '53', '38', '15', '1', '2', '2015-09-19 13:44:13', '2015-09-19 13:44:13', '4485b291-f3f4-4587-9542-a22f9d6eb2cb');
INSERT INTO `craft_fieldlayoutfields` (`id`, `layoutId`, `tabId`, `fieldId`, `required`, `sortOrder`, `dateCreated`, `dateUpdated`, `uid`) VALUES ('80', '53', '38', '16', '1', '3', '2015-09-19 13:44:13', '2015-09-19 13:44:13', 'a40d59ab-bb67-4de7-9ec9-1e73a3269c2e');
INSERT INTO `craft_fieldlayoutfields` (`id`, `layoutId`, `tabId`, `fieldId`, `required`, `sortOrder`, `dateCreated`, `dateUpdated`, `uid`) VALUES ('81', '53', '38', '18', '1', '4', '2015-09-19 13:44:13', '2015-09-19 13:44:13', '4f674d44-57e7-4f75-ab8e-72b3324804da');
INSERT INTO `craft_fieldlayoutfields` (`id`, `layoutId`, `tabId`, `fieldId`, `required`, `sortOrder`, `dateCreated`, `dateUpdated`, `uid`) VALUES ('82', '53', '38', '17', '1', '5', '2015-09-19 13:44:13', '2015-09-19 13:44:13', '2b2ca48b-e18b-4d19-8deb-dd60c0987e84');
INSERT INTO `craft_fieldlayoutfields` (`id`, `layoutId`, `tabId`, `fieldId`, `required`, `sortOrder`, `dateCreated`, `dateUpdated`, `uid`) VALUES ('83', '55', '39', '19', '1', '1', '2015-09-19 14:23:36', '2015-09-19 14:23:36', '482d5330-434d-4565-aaa9-b2c2ccbb1daf');



DROP TABLE IF EXISTS `craft_fieldlayouts`;


--
-- Schema for table `craft_fieldlayouts`
--
CREATE TABLE `craft_fieldlayouts` (
  `id` int(11) NOT NULL AUTO_INCREMENT,
  `type` varchar(150) COLLATE utf8_unicode_ci NOT NULL,
  `dateCreated` datetime NOT NULL,
  `dateUpdated` datetime NOT NULL,
  `uid` char(36) COLLATE utf8_unicode_ci NOT NULL DEFAULT '0',
  PRIMARY KEY (`id`),
  KEY `craft_fieldlayouts_type_idx` (`type`)
) ENGINE=InnoDB AUTO_INCREMENT=56 DEFAULT CHARSET=utf8 COLLATE=utf8_unicode_ci;

--
-- Data for table `craft_fieldlayouts`
--

INSERT INTO `craft_fieldlayouts` (`id`, `type`, `dateCreated`, `dateUpdated`, `uid`) VALUES ('1', 'Tag', '2015-08-23 09:32:13', '2015-08-23 09:32:13', 'a3f9a54a-9a5c-4cbf-a9d7-a6d11a5352ef');
INSERT INTO `craft_fieldlayouts` (`id`, `type`, `dateCreated`, `dateUpdated`, `uid`) VALUES ('16', 'Entry', '2015-08-23 11:13:32', '2015-08-23 11:13:32', '7d87ef09-230c-4989-aa2e-ec47248dedbd');
INSERT INTO `craft_fieldlayouts` (`id`, `type`, `dateCreated`, `dateUpdated`, `uid`) VALUES ('20', 'Entry', '2015-08-24 22:27:12', '2015-08-24 22:27:12', '9da2773c-84dc-4cf4-b294-8cf3d390eaeb');
INSERT INTO `craft_fieldlayouts` (`id`, `type`, `dateCreated`, `dateUpdated`, `uid`) VALUES ('22', 'Entry', '2015-08-25 11:31:52', '2015-08-25 11:31:52', 'd92e1159-525f-460b-88c4-30d16481b3e1');
INSERT INTO `craft_fieldlayouts` (`id`, `type`, `dateCreated`, `dateUpdated`, `uid`) VALUES ('25', 'Asset', '2015-08-29 06:51:10', '2015-08-29 06:51:10', '8c3b3bb2-5831-48db-acf2-73dacf69c7b5');
INSERT INTO `craft_fieldlayouts` (`id`, `type`, `dateCreated`, `dateUpdated`, `uid`) VALUES ('27', 'MatrixBlock', '2015-09-19 02:46:02', '2015-09-19 02:46:02', 'f42f80ab-1a63-49c8-8732-8a80f6c76788');
INSERT INTO `craft_fieldlayouts` (`id`, `type`, `dateCreated`, `dateUpdated`, `uid`) VALUES ('28', 'MatrixBlock', '2015-09-19 02:46:02', '2015-09-19 02:46:02', '81ccc857-90d0-4977-9f96-4ee72cf775f3');
INSERT INTO `craft_fieldlayouts` (`id`, `type`, `dateCreated`, `dateUpdated`, `uid`) VALUES ('29', 'MatrixBlock', '2015-09-19 02:46:02', '2015-09-19 02:46:02', '06232260-429d-428c-897d-4775ef37e03e');
INSERT INTO `craft_fieldlayouts` (`id`, `type`, `dateCreated`, `dateUpdated`, `uid`) VALUES ('41', 'MatrixBlock', '2015-09-19 04:12:16', '2015-09-19 04:12:16', 'bb8bf58d-2c2b-45d9-bcd8-2a4d3ff72d8b');
INSERT INTO `craft_fieldlayouts` (`id`, `type`, `dateCreated`, `dateUpdated`, `uid`) VALUES ('43', 'Entry', '2015-09-19 06:53:56', '2015-09-19 06:53:56', '048ba976-3f49-45e4-8cc5-bba211fab5d7');
INSERT INTO `craft_fieldlayouts` (`id`, `type`, `dateCreated`, `dateUpdated`, `uid`) VALUES ('45', 'Entry', '2015-09-19 07:10:18', '2015-09-19 07:10:18', '2615a5d5-c245-4211-9247-af74802070a7');
INSERT INTO `craft_fieldlayouts` (`id`, `type`, `dateCreated`, `dateUpdated`, `uid`) VALUES ('46', 'Entry', '2015-09-19 07:10:29', '2015-09-19 07:10:29', '698f0947-3ba7-44d0-a8d5-95870c825a8c');
INSERT INTO `craft_fieldlayouts` (`id`, `type`, `dateCreated`, `dateUpdated`, `uid`) VALUES ('53', 'Asset', '2015-09-19 13:44:13', '2015-09-19 13:44:13', '0c204213-5b7b-4d05-af4b-aca3b2d28f4e');
INSERT INTO `craft_fieldlayouts` (`id`, `type`, `dateCreated`, `dateUpdated`, `uid`) VALUES ('55', 'Entry', '2015-09-19 14:23:36', '2015-09-19 14:23:36', '97bbd170-0e96-4f9d-8a2f-0e840abd08db');



DROP TABLE IF EXISTS `craft_fieldlayouttabs`;


--
-- Schema for table `craft_fieldlayouttabs`
--
CREATE TABLE `craft_fieldlayouttabs` (
  `id` int(11) NOT NULL AUTO_INCREMENT,
  `layoutId` int(11) NOT NULL,
  `name` varchar(255) COLLATE utf8_unicode_ci NOT NULL,
  `sortOrder` tinyint(4) DEFAULT NULL,
  `dateCreated` datetime NOT NULL,
  `dateUpdated` datetime NOT NULL,
  `uid` char(36) COLLATE utf8_unicode_ci NOT NULL DEFAULT '0',
  PRIMARY KEY (`id`),
  KEY `craft_fieldlayouttabs_sortOrder_idx` (`sortOrder`),
  KEY `craft_fieldlayouttabs_layoutId_fk` (`layoutId`)
) ENGINE=InnoDB AUTO_INCREMENT=40 DEFAULT CHARSET=utf8 COLLATE=utf8_unicode_ci;

--
-- Data for table `craft_fieldlayouttabs`
--

INSERT INTO `craft_fieldlayouttabs` (`id`, `layoutId`, `name`, `sortOrder`, `dateCreated`, `dateUpdated`, `uid`) VALUES ('14', '16', 'Content', '1', '2015-08-23 11:13:32', '2015-08-23 11:13:32', '9c0539a8-af89-4c5d-8aed-4a44f0fef1a3');
INSERT INTO `craft_fieldlayouttabs` (`id`, `layoutId`, `name`, `sortOrder`, `dateCreated`, `dateUpdated`, `uid`) VALUES ('17', '20', 'Content', '1', '2015-08-24 22:27:12', '2015-08-24 22:27:12', 'a84117da-64bb-450d-9b15-3a42e1d007fa');
INSERT INTO `craft_fieldlayouttabs` (`id`, `layoutId`, `name`, `sortOrder`, `dateCreated`, `dateUpdated`, `uid`) VALUES ('18', '20', 'Additional content', '2', '2015-08-24 22:27:12', '2015-08-24 22:27:12', '8abb3222-dcb9-4fc7-8851-a45c951cc19d');
INSERT INTO `craft_fieldlayouttabs` (`id`, `layoutId`, `name`, `sortOrder`, `dateCreated`, `dateUpdated`, `uid`) VALUES ('19', '27', 'Content', '1', '2015-09-19 02:46:02', '2015-09-19 02:46:02', '681719a8-36a5-4249-84d4-14eb3b8292ff');
INSERT INTO `craft_fieldlayouttabs` (`id`, `layoutId`, `name`, `sortOrder`, `dateCreated`, `dateUpdated`, `uid`) VALUES ('20', '28', 'Content', '1', '2015-09-19 02:46:02', '2015-09-19 02:46:02', 'e11570de-6ba9-4f54-876e-926a94042004');
INSERT INTO `craft_fieldlayouttabs` (`id`, `layoutId`, `name`, `sortOrder`, `dateCreated`, `dateUpdated`, `uid`) VALUES ('21', '29', 'Content', '1', '2015-09-19 02:46:02', '2015-09-19 02:46:02', '2932072b-1249-4f5d-98aa-ee35dc8ef0c7');
INSERT INTO `craft_fieldlayouttabs` (`id`, `layoutId`, `name`, `sortOrder`, `dateCreated`, `dateUpdated`, `uid`) VALUES ('28', '41', 'Content', '1', '2015-09-19 04:12:16', '2015-09-19 04:12:16', '23d7917f-fed8-4c41-9207-8338cd0b48d9');
INSERT INTO `craft_fieldlayouttabs` (`id`, `layoutId`, `name`, `sortOrder`, `dateCreated`, `dateUpdated`, `uid`) VALUES ('31', '45', 'Tab 1', '1', '2015-09-19 07:10:18', '2015-09-19 07:10:18', '214672dd-6c67-4515-a758-0616ca1965f4');
INSERT INTO `craft_fieldlayouttabs` (`id`, `layoutId`, `name`, `sortOrder`, `dateCreated`, `dateUpdated`, `uid`) VALUES ('32', '46', 'Tab 1', '1', '2015-09-19 07:10:29', '2015-09-19 07:10:29', '4ed890c2-86b3-4420-b468-36dc76716bb1');
INSERT INTO `craft_fieldlayouttabs` (`id`, `layoutId`, `name`, `sortOrder`, `dateCreated`, `dateUpdated`, `uid`) VALUES ('38', '53', 'Tab 1', '1', '2015-09-19 13:44:13', '2015-09-19 13:44:13', '161492b2-1e22-4265-8291-3d28327455b6');
INSERT INTO `craft_fieldlayouttabs` (`id`, `layoutId`, `name`, `sortOrder`, `dateCreated`, `dateUpdated`, `uid`) VALUES ('39', '55', 'Tab 1', '1', '2015-09-19 14:23:36', '2015-09-19 14:23:36', 'c7a1d4be-a98e-45b3-9a96-15a21a351b6a');



DROP TABLE IF EXISTS `craft_fields`;


--
-- Schema for table `craft_fields`
--
CREATE TABLE `craft_fields` (
  `id` int(11) NOT NULL AUTO_INCREMENT,
  `groupId` int(11) DEFAULT NULL,
  `name` varchar(255) COLLATE utf8_unicode_ci NOT NULL,
  `handle` varchar(58) COLLATE utf8_unicode_ci NOT NULL,
  `context` varchar(255) COLLATE utf8_unicode_ci NOT NULL DEFAULT 'global',
  `instructions` text COLLATE utf8_unicode_ci,
  `translatable` tinyint(1) unsigned NOT NULL DEFAULT '0',
  `type` varchar(150) COLLATE utf8_unicode_ci NOT NULL,
  `settings` text COLLATE utf8_unicode_ci,
  `dateCreated` datetime NOT NULL,
  `dateUpdated` datetime NOT NULL,
  `uid` char(36) COLLATE utf8_unicode_ci NOT NULL DEFAULT '0',
  PRIMARY KEY (`id`),
  UNIQUE KEY `craft_fields_handle_context_unq_idx` (`handle`,`context`),
  KEY `craft_fields_context_idx` (`context`),
  KEY `craft_fields_groupId_fk` (`groupId`)
) ENGINE=InnoDB AUTO_INCREMENT=20 DEFAULT CHARSET=utf8 COLLATE=utf8_unicode_ci;

--
-- Data for table `craft_fields`
--

INSERT INTO `craft_fields` (`id`, `groupId`, `name`, `handle`, `context`, `instructions`, `translatable`, `type`, `settings`, `dateCreated`, `dateUpdated`, `uid`) VALUES ('1', '1', 'Body', 'body', 'global', 'Your content for this page.', '1', 'RichText', '{\"configFile\":\"Standard.json\",\"cleanupHtml\":\"1\",\"purifyHtml\":\"\",\"columnType\":\"text\"}', '2015-08-23 09:32:13', '2015-09-19 02:45:45', 'daa81d13-00d2-4fdd-8194-89134892e496');
INSERT INTO `craft_fields` (`id`, `groupId`, `name`, `handle`, `context`, `instructions`, `translatable`, `type`, `settings`, `dateCreated`, `dateUpdated`, `uid`) VALUES ('2', '1', 'Tags', 'tags', 'global', NULL, '0', 'Tags', '{\"source\":\"taggroup:1\"}', '2015-08-23 09:32:13', '2015-08-23 09:32:13', '3634ff05-90b6-4270-86de-0621f8fb8b86');
INSERT INTO `craft_fields` (`id`, `groupId`, `name`, `handle`, `context`, `instructions`, `translatable`, `type`, `settings`, `dateCreated`, `dateUpdated`, `uid`) VALUES ('3', '1', 'Homepage content', 'homepageContent', 'global', 'Additional configurable content for the homepage', '1', 'Matrix', '{\"maxBlocks\":null}', '2015-08-23 10:44:02', '2015-09-19 02:46:02', '705fa475-5d56-40d7-903a-d9a3cbd29d4c');
INSERT INTO `craft_fields` (`id`, `groupId`, `name`, `handle`, `context`, `instructions`, `translatable`, `type`, `settings`, `dateCreated`, `dateUpdated`, `uid`) VALUES ('4', NULL, 'Video title', 'videoTitle', 'matrixBlockType:1', 'Enter a title for the video', '0', 'PlainText', '{\"placeholder\":\"\",\"maxLength\":\"\",\"multiline\":\"\",\"initialRows\":\"4\"}', '2015-08-23 10:44:02', '2015-09-19 02:46:02', '1555acac-9d00-4241-a675-91d32f82748e');
INSERT INTO `craft_fields` (`id`, `groupId`, `name`, `handle`, `context`, `instructions`, `translatable`, `type`, `settings`, `dateCreated`, `dateUpdated`, `uid`) VALUES ('5', NULL, 'Embed code', 'embedCode', 'matrixBlockType:1', '', '0', 'PlainText', '{\"placeholder\":\"\",\"maxLength\":\"\",\"multiline\":\"\",\"initialRows\":\"4\"}', '2015-08-23 10:44:50', '2015-09-19 02:46:02', 'f5b080cc-fce0-4019-a95b-bdb0c19cc8ae');
INSERT INTO `craft_fields` (`id`, `groupId`, `name`, `handle`, `context`, `instructions`, `translatable`, `type`, `settings`, `dateCreated`, `dateUpdated`, `uid`) VALUES ('6', NULL, 'Caption', 'caption', 'matrixBlockType:2', '', '0', 'PlainText', '{\"placeholder\":\"\",\"maxLength\":\"\",\"multiline\":\"\",\"initialRows\":\"4\"}', '2015-08-23 10:59:32', '2015-09-19 02:46:02', '799967ca-faee-4e10-84f3-ad6249ebf4a6');
INSERT INTO `craft_fields` (`id`, `groupId`, `name`, `handle`, `context`, `instructions`, `translatable`, `type`, `settings`, `dateCreated`, `dateUpdated`, `uid`) VALUES ('7', NULL, 'Image', 'image', 'matrixBlockType:2', '', '0', 'PlainText', '{\"placeholder\":\"\",\"maxLength\":\"\",\"multiline\":\"\",\"initialRows\":\"4\"}', '2015-08-23 10:59:32', '2015-09-19 02:46:02', 'd61f0156-a20e-4ac4-9d7b-54a276655a18');
INSERT INTO `craft_fields` (`id`, `groupId`, `name`, `handle`, `context`, `instructions`, `translatable`, `type`, `settings`, `dateCreated`, `dateUpdated`, `uid`) VALUES ('8', NULL, 'Author', 'author', 'matrixBlockType:3', 'Enter the quote author', '0', 'PlainText', '{\"placeholder\":\"\",\"maxLength\":\"\",\"multiline\":\"\",\"initialRows\":\"4\"}', '2015-08-23 11:01:52', '2015-09-19 02:46:02', 'bff8111a-5d91-4d78-9d3d-7a94d3734850');
INSERT INTO `craft_fields` (`id`, `groupId`, `name`, `handle`, `context`, `instructions`, `translatable`, `type`, `settings`, `dateCreated`, `dateUpdated`, `uid`) VALUES ('9', NULL, 'Quote', 'quote', 'matrixBlockType:3', 'Enter the quote content', '0', 'PlainText', '{\"placeholder\":\"\",\"maxLength\":\"\",\"multiline\":\"\",\"initialRows\":\"4\"}', '2015-08-23 11:01:52', '2015-09-19 02:46:02', '6f96820a-297a-477e-ae32-849577a963f7');
INSERT INTO `craft_fields` (`id`, `groupId`, `name`, `handle`, `context`, `instructions`, `translatable`, `type`, `settings`, `dateCreated`, `dateUpdated`, `uid`) VALUES ('10', '3', 'Featured Page Image', 'featuredImage', 'global', 'Upload an image to be featured as a banner at the head of the page', '1', 'Assets', '{\"useSingleFolder\":\"\",\"sources\":[\"folder:1\"],\"defaultUploadLocationSource\":\"1\",\"defaultUploadLocationSubpath\":\"\",\"singleUploadLocationSource\":\"1\",\"singleUploadLocationSubpath\":\"\",\"restrictFiles\":\"1\",\"allowedKinds\":[\"image\"],\"targetLocale\":\"\",\"limit\":\"\",\"selectionLabel\":\"Add an asset\"}', '2015-08-23 11:36:56', '2015-09-19 02:46:18', '8184d481-6fa5-421d-99b4-69b7ec7cb3d2');
INSERT INTO `craft_fields` (`id`, `groupId`, `name`, `handle`, `context`, `instructions`, `translatable`, `type`, `settings`, `dateCreated`, `dateUpdated`, `uid`) VALUES ('11', '6', 'Contact Information', 'contactInformation', 'global', '', '0', 'Table', '{\"columns\":{\"col1\":{\"heading\":\"Label\",\"handle\":\"label\",\"width\":\"\",\"type\":\"singleline\"},\"col2\":{\"heading\":\"Value\",\"handle\":\"value\",\"width\":\"\",\"type\":\"singleline\"}},\"defaults\":{\"row1\":{\"col1\":\"\",\"col2\":\"\"}}}', '2015-09-19 04:11:34', '2015-09-19 14:16:58', 'a4d4442e-e843-409b-866a-9c83958b39e4');
INSERT INTO `craft_fields` (`id`, `groupId`, `name`, `handle`, `context`, `instructions`, `translatable`, `type`, `settings`, `dateCreated`, `dateUpdated`, `uid`) VALUES ('12', NULL, 'Attribute Title', 'fieldTitle', 'matrixBlockType:4', 'e.g. Phone', '0', 'PlainText', '{\"placeholder\":\"\",\"maxLength\":\"\",\"multiline\":\"\",\"initialRows\":\"4\"}', '2015-09-19 04:11:34', '2015-09-19 04:12:16', 'a77d7602-742b-4a7f-926d-0e6845da79e6');
INSERT INTO `craft_fields` (`id`, `groupId`, `name`, `handle`, `context`, `instructions`, `translatable`, `type`, `settings`, `dateCreated`, `dateUpdated`, `uid`) VALUES ('13', NULL, 'Value', 'fieldValue', 'matrixBlockType:4', '', '0', 'PlainText', '{\"placeholder\":\"\",\"maxLength\":\"\",\"multiline\":\"\",\"initialRows\":\"4\"}', '2015-09-19 04:11:34', '2015-09-19 04:12:16', '1aae7d84-1732-40ab-88ee-1af0d6a80128');
INSERT INTO `craft_fields` (`id`, `groupId`, `name`, `handle`, `context`, `instructions`, `translatable`, `type`, `settings`, `dateCreated`, `dateUpdated`, `uid`) VALUES ('14', '5', 'First Name', 'formFirstName', 'global', '', '0', 'FormBuilder_PlainText', '{\"placeholder\":\"\",\"maxLength\":\"\",\"multiline\":\"\",\"initialRows\":\"4\"}', '2015-09-19 11:09:42', '2015-09-19 13:30:00', '6d5fcdf9-5499-4cd6-91a0-3743e59003ac');
INSERT INTO `craft_fields` (`id`, `groupId`, `name`, `handle`, `context`, `instructions`, `translatable`, `type`, `settings`, `dateCreated`, `dateUpdated`, `uid`) VALUES ('15', '5', 'Last Name', 'formLastName', 'global', '', '0', 'FormBuilder_PlainText', '{\"placeholder\":\"\",\"maxLength\":\"\",\"multiline\":\"\",\"initialRows\":\"4\"}', '2015-09-19 11:09:49', '2015-09-19 13:30:07', '30579592-2c6f-4d3f-9950-60d2eb3ac265');
INSERT INTO `craft_fields` (`id`, `groupId`, `name`, `handle`, `context`, `instructions`, `translatable`, `type`, `settings`, `dateCreated`, `dateUpdated`, `uid`) VALUES ('16', '5', 'Email', 'formEmail', 'global', '', '0', 'FormBuilder_Email', '{\"placeholder\":\"\",\"maxLength\":\"\",\"multiline\":\"\",\"initialRows\":\"4\"}', '2015-09-19 11:09:54', '2015-09-19 13:29:52', '612b1c3e-5424-479d-8603-199a2b62523f');
INSERT INTO `craft_fields` (`id`, `groupId`, `name`, `handle`, `context`, `instructions`, `translatable`, `type`, `settings`, `dateCreated`, `dateUpdated`, `uid`) VALUES ('17', '5', 'Comments', 'formComments', 'global', '', '0', 'FormBuilder_PlainText', '{\"placeholder\":\"\",\"maxLength\":\"\",\"multiline\":\"1\",\"initialRows\":\"4\"}', '2015-09-19 13:29:23', '2015-09-19 13:29:43', '56178a14-a319-46ea-8cf4-a20728f2cdbd');
INSERT INTO `craft_fields` (`id`, `groupId`, `name`, `handle`, `context`, `instructions`, `translatable`, `type`, `settings`, `dateCreated`, `dateUpdated`, `uid`) VALUES ('18', '5', 'Company Size', 'formCompanySize', 'global', '', '0', 'FormBuilder_Dropdown', '{\"options\":[{\"label\":\"Please select...\",\"value\":\"\",\"default\":\"\"},{\"label\":\"1-5 Employees\",\"value\":\"1-5\",\"default\":\"\"},{\"label\":\"6-15 Employees\",\"value\":\"6-15\",\"default\":\"\"},{\"label\":\"16-25 Employees\",\"value\":\"16-25\",\"default\":\"\"},{\"label\":\"26-50 Employees\",\"value\":\"26-50\",\"default\":\"\"},{\"label\":\"50+ Employees\",\"value\":\"50+\",\"default\":\"\"}]}', '2015-09-19 13:32:43', '2015-09-19 13:35:27', '1d535cd1-aa78-477d-9b18-b385d5e9d8fd');
INSERT INTO `craft_fields` (`id`, `groupId`, `name`, `handle`, `context`, `instructions`, `translatable`, `type`, `settings`, `dateCreated`, `dateUpdated`, `uid`) VALUES ('19', '1', 'Redirect', 'redirect', 'global', 'Select an entry to redirect to.', '0', 'PlainText', '{\"placeholder\":\"Relative URL (e.g. \\/news, \\/blog  etc)\",\"maxLength\":\"\",\"multiline\":\"\",\"initialRows\":\"4\"}', '2015-09-19 14:22:58', '2015-09-19 14:25:49', '6662ebe3-3e93-4158-a2fa-099ab8ca0492');



DROP TABLE IF EXISTS `craft_formbuilder_entries`;


--
-- Schema for table `craft_formbuilder_entries`
--
CREATE TABLE `craft_formbuilder_entries` (
  `id` int(11) NOT NULL,
  `formId` int(11) DEFAULT NULL,
  `title` varchar(255) COLLATE utf8_unicode_ci DEFAULT NULL,
  `data` text COLLATE utf8_unicode_ci,
  `dateCreated` datetime NOT NULL,
  `dateUpdated` datetime NOT NULL,
  `uid` char(36) COLLATE utf8_unicode_ci NOT NULL DEFAULT '0',
  PRIMARY KEY (`id`),
  KEY `craft_formbuilder_entries_formId_fk` (`formId`)
) ENGINE=InnoDB DEFAULT CHARSET=utf8 COLLATE=utf8_unicode_ci;

--
-- Data for table `craft_formbuilder_entries`
--

INSERT INTO `craft_formbuilder_entries` (`id`, `formId`, `title`, `data`, `dateCreated`, `dateUpdated`, `uid`) VALUES ('35', '1', 'Contact Us', '{\"formFirstName\":\"sdfgb\",\"formLastName\":\"asf\",\"formEmail\":\"asf@sasf.com\",\"formCompanySize\":\"\",\"formComments\":\"\"}', '2015-09-19 13:39:05', '2015-09-19 13:39:05', '6b7136af-4515-434d-8dbc-3abe63a41c38');
INSERT INTO `craft_formbuilder_entries` (`id`, `formId`, `title`, `data`, `dateCreated`, `dateUpdated`, `uid`) VALUES ('36', '1', 'Contact Us', '{\"formFirstName\":\"Marcus\",\"formLastName\":\"House\",\"formEmail\":\"marcus@daawebnet.com.au\",\"formCompanySize\":\"1-5\",\"formComments\":\"asf asf\\r\\n\\r\\nasfasfasf\\r\\n\\r\\nasf asf\\r\\nas fsaf asf \"}', '2015-09-19 13:39:33', '2015-09-19 13:39:33', '723352e0-d722-4826-9929-a750a163898a');
INSERT INTO `craft_formbuilder_entries` (`id`, `formId`, `title`, `data`, `dateCreated`, `dateUpdated`, `uid`) VALUES ('37', '1', 'Contact Us', '{\"formFirstName\":\"sdgfh\",\"formLastName\":\"asdg\",\"formEmail\":\"adssfg@asf.com\",\"formCompanySize\":\"6-15\",\"formComments\":\"asf sfasf\\r\\n\\r\\nasf asf\\r\\n\\r\\nasf asfas fasf\\r\\nasf asff\"}', '2015-09-19 13:44:34', '2015-09-19 13:44:34', '96c85074-6735-4c96-a47f-ed2b58be8962');
INSERT INTO `craft_formbuilder_entries` (`id`, `formId`, `title`, `data`, `dateCreated`, `dateUpdated`, `uid`) VALUES ('38', '1', 'Contact Us', '{\"formFirstName\":\"Marcus\",\"formLastName\":\"House\",\"formEmail\":\"marcus@datawebnet.com.au\",\"formCompanySize\":\"1-5\",\"formComments\":\"asf asfsa fsaf af\"}', '2015-09-19 14:06:39', '2015-09-19 14:06:39', 'ad7ebbea-d5c6-404c-9d00-4136373bf4d8');
INSERT INTO `craft_formbuilder_entries` (`id`, `formId`, `title`, `data`, `dateCreated`, `dateUpdated`, `uid`) VALUES ('39', '1', 'Contact Us', '{\"formFirstName\":\"Marcus\",\"formLastName\":\"House\",\"formEmail\":\"marcus@datawebnet.com.au\",\"formCompanySize\":\"6-15\",\"formComments\":\"asdfa fasf asf\\r\\n\\r\\ndsg sd\\r\\n\\r\\nsdg sdg sd\\r\\ngdsgg\"}', '2015-09-19 14:07:39', '2015-09-19 14:07:39', '734e1fdc-2275-4d1f-820f-b54b76992f91');



DROP TABLE IF EXISTS `craft_formbuilder_forms`;


--
-- Schema for table `craft_formbuilder_forms`
--
CREATE TABLE `craft_formbuilder_forms` (
  `id` int(11) NOT NULL AUTO_INCREMENT,
  `name` varchar(255) COLLATE utf8_unicode_ci NOT NULL,
  `handle` varchar(255) COLLATE utf8_unicode_ci NOT NULL,
  `subject` varchar(255) COLLATE utf8_unicode_ci DEFAULT NULL,
  `ajaxSubmit` tinyint(1) unsigned NOT NULL DEFAULT '0',
  `successPageRedirect` tinyint(1) unsigned NOT NULL DEFAULT '0',
  `redirectUrl` varchar(255) COLLATE utf8_unicode_ci DEFAULT NULL,
  `useReCaptcha` tinyint(1) unsigned NOT NULL DEFAULT '0',
  `hasFileUploads` tinyint(1) unsigned NOT NULL DEFAULT '0',
  `uploadSource` varchar(255) COLLATE utf8_unicode_ci DEFAULT NULL,
  `successMessage` varchar(255) COLLATE utf8_unicode_ci DEFAULT NULL,
  `errorMessage` varchar(255) COLLATE utf8_unicode_ci DEFAULT NULL,
  `toEmail` varchar(255) COLLATE utf8_unicode_ci DEFAULT NULL,
  `notifyFormAdmin` tinyint(1) unsigned NOT NULL DEFAULT '0',
  `notificationTemplatePath` varchar(255) COLLATE utf8_unicode_ci DEFAULT NULL,
  `notifyRegistrant` tinyint(1) unsigned NOT NULL DEFAULT '0',
  `notificationFieldHandleName` varchar(255) COLLATE utf8_unicode_ci DEFAULT NULL,
  `notificationTemplatePathRegistrant` varchar(255) COLLATE utf8_unicode_ci DEFAULT NULL,
  `fieldLayoutId` int(11) DEFAULT NULL,
  `dateCreated` datetime NOT NULL,
  `dateUpdated` datetime NOT NULL,
  `uid` char(36) COLLATE utf8_unicode_ci NOT NULL DEFAULT '0',
  PRIMARY KEY (`id`),
  UNIQUE KEY `craft_formbuilder_forms_name_unq_idx` (`name`),
  UNIQUE KEY `craft_formbuilder_forms_handle_unq_idx` (`handle`),
  KEY `craft_formbuilder_forms_fieldLayoutId_fk` (`fieldLayoutId`)
) ENGINE=InnoDB AUTO_INCREMENT=2 DEFAULT CHARSET=utf8 COLLATE=utf8_unicode_ci;

--
-- Data for table `craft_formbuilder_forms`
--

INSERT INTO `craft_formbuilder_forms` (`id`, `name`, `handle`, `subject`, `ajaxSubmit`, `successPageRedirect`, `redirectUrl`, `useReCaptcha`, `hasFileUploads`, `uploadSource`, `successMessage`, `errorMessage`, `toEmail`, `notifyFormAdmin`, `notificationTemplatePath`, `notifyRegistrant`, `notificationFieldHandleName`, `notificationTemplatePathRegistrant`, `fieldLayoutId`, `dateCreated`, `dateUpdated`, `uid`) VALUES ('1', 'Contact Us', 'contactUs', 'Craft Base Contact Us Submission', '1', '0', '', '0', '0', '', 'Thanks for contacting us. We\'ll get back to you as soon as possible.', 'An error occurred. Please contact us if the problem persists.', 'marcus@walkerdesigns.com.au', '1', 'formbuilder/email/default', '0', '', 'formbuilder/email/registrant', '53', '2015-09-19 11:07:55', '2015-09-19 13:44:13', '5f0b7486-d134-4105-93bc-94a908ef307e');



DROP TABLE IF EXISTS `craft_globalsets`;


--
-- Schema for table `craft_globalsets`
--
CREATE TABLE `craft_globalsets` (
  `id` int(11) NOT NULL,
  `name` varchar(255) COLLATE utf8_unicode_ci NOT NULL,
  `handle` varchar(255) COLLATE utf8_unicode_ci NOT NULL,
  `fieldLayoutId` int(10) DEFAULT NULL,
  `dateCreated` datetime NOT NULL,
  `dateUpdated` datetime NOT NULL,
  `uid` char(36) COLLATE utf8_unicode_ci NOT NULL DEFAULT '0',
  PRIMARY KEY (`id`),
  UNIQUE KEY `craft_globalsets_name_unq_idx` (`name`),
  UNIQUE KEY `craft_globalsets_handle_unq_idx` (`handle`),
  KEY `craft_globalsets_fieldLayoutId_fk` (`fieldLayoutId`)
) ENGINE=InnoDB DEFAULT CHARSET=utf8 COLLATE=utf8_unicode_ci;

DROP TABLE IF EXISTS `craft_info`;


--
-- Schema for table `craft_info`
--
CREATE TABLE `craft_info` (
  `id` int(11) NOT NULL AUTO_INCREMENT,
  `version` varchar(15) COLLATE utf8_unicode_ci NOT NULL,
  `build` int(11) unsigned NOT NULL,
  `schemaVersion` varchar(15) COLLATE utf8_unicode_ci NOT NULL,
  `releaseDate` datetime NOT NULL,
  `edition` tinyint(1) unsigned NOT NULL DEFAULT '0',
  `siteName` varchar(100) COLLATE utf8_unicode_ci NOT NULL,
  `siteUrl` varchar(255) COLLATE utf8_unicode_ci NOT NULL,
  `timezone` varchar(30) COLLATE utf8_unicode_ci DEFAULT NULL,
  `on` tinyint(1) unsigned NOT NULL DEFAULT '0',
  `maintenance` tinyint(1) unsigned NOT NULL DEFAULT '0',
  `track` varchar(40) COLLATE utf8_unicode_ci NOT NULL,
  `dateCreated` datetime NOT NULL,
  `dateUpdated` datetime NOT NULL,
  `uid` char(36) COLLATE utf8_unicode_ci NOT NULL DEFAULT '0',
  PRIMARY KEY (`id`)
) ENGINE=InnoDB AUTO_INCREMENT=2 DEFAULT CHARSET=utf8 COLLATE=utf8_unicode_ci;

--
-- Data for table `craft_info`
--

INSERT INTO `craft_info` (`id`, `version`, `build`, `schemaVersion`, `releaseDate`, `edition`, `siteName`, `siteUrl`, `timezone`, `on`, `maintenance`, `track`, `dateCreated`, `dateUpdated`, `uid`) VALUES ('1', '2.4', '2692', '2.4.0', '2015-09-11 16:33:05', '2', 'Not Used', 'http://notused.setwith.config', 'Australia/Hobart', '1', '0', 'stable', '2015-08-23 09:32:10', '2015-09-19 02:06:26', '6c294eab-4809-4881-96f6-da850f7fdbb8');



DROP TABLE IF EXISTS `craft_locales`;


--
-- Schema for table `craft_locales`
--
CREATE TABLE `craft_locales` (
  `locale` char(12) COLLATE utf8_unicode_ci NOT NULL,
  `sortOrder` tinyint(4) DEFAULT NULL,
  `dateCreated` datetime NOT NULL,
  `dateUpdated` datetime NOT NULL,
  `uid` char(36) COLLATE utf8_unicode_ci NOT NULL DEFAULT '0',
  PRIMARY KEY (`locale`),
  KEY `craft_locales_sortOrder_idx` (`sortOrder`)
) ENGINE=InnoDB DEFAULT CHARSET=utf8 COLLATE=utf8_unicode_ci;

--
-- Data for table `craft_locales`
--

INSERT INTO `craft_locales` (`locale`, `sortOrder`, `dateCreated`, `dateUpdated`, `uid`) VALUES ('en_au', '1', '2015-08-23 09:32:10', '2015-08-23 09:32:10', '08d29ef6-7087-4836-8490-f0a93085ec50');
INSERT INTO `craft_locales` (`locale`, `sortOrder`, `dateCreated`, `dateUpdated`, `uid`) VALUES ('zh_cn', '3', '2015-09-19 10:51:11', '2015-09-19 10:51:11', '3d6e378d-3f7f-4371-8eef-4d9219be3e3f');



DROP TABLE IF EXISTS `craft_matrixblocks`;


--
-- Schema for table `craft_matrixblocks`
--
CREATE TABLE `craft_matrixblocks` (
  `id` int(11) NOT NULL,
  `ownerId` int(11) NOT NULL,
  `fieldId` int(11) NOT NULL,
  `typeId` int(11) DEFAULT NULL,
  `sortOrder` tinyint(4) DEFAULT NULL,
  `ownerLocale` char(12) COLLATE utf8_unicode_ci DEFAULT NULL,
  `dateCreated` datetime NOT NULL,
  `dateUpdated` datetime NOT NULL,
  `uid` char(36) COLLATE utf8_unicode_ci NOT NULL DEFAULT '0',
  PRIMARY KEY (`id`),
  KEY `craft_matrixblocks_ownerId_idx` (`ownerId`),
  KEY `craft_matrixblocks_fieldId_idx` (`fieldId`),
  KEY `craft_matrixblocks_typeId_idx` (`typeId`),
  KEY `craft_matrixblocks_sortOrder_idx` (`sortOrder`),
  KEY `craft_matrixblocks_ownerLocale_fk` (`ownerLocale`)
) ENGINE=InnoDB DEFAULT CHARSET=utf8 COLLATE=utf8_unicode_ci;

--
-- Data for table `craft_matrixblocks`
--

INSERT INTO `craft_matrixblocks` (`id`, `ownerId`, `fieldId`, `typeId`, `sortOrder`, `ownerLocale`, `dateCreated`, `dateUpdated`, `uid`) VALUES ('4', '2', '3', '1', '2', NULL, '2015-08-23 10:51:37', '2015-09-19 02:28:54', 'c0f2fa5f-c9c7-4814-890b-2e7ff7ca7c3e');
INSERT INTO `craft_matrixblocks` (`id`, `ownerId`, `fieldId`, `typeId`, `sortOrder`, `ownerLocale`, `dateCreated`, `dateUpdated`, `uid`) VALUES ('5', '2', '3', '2', '3', NULL, '2015-08-23 11:06:53', '2015-09-19 02:28:54', 'cb3e515c-6612-4593-a574-c01fda74a8c7');
INSERT INTO `craft_matrixblocks` (`id`, `ownerId`, `fieldId`, `typeId`, `sortOrder`, `ownerLocale`, `dateCreated`, `dateUpdated`, `uid`) VALUES ('6', '2', '3', '3', '4', NULL, '2015-08-23 11:06:53', '2015-09-19 02:28:54', '649f87a6-5967-4058-8211-be2c038cb1f8');
INSERT INTO `craft_matrixblocks` (`id`, `ownerId`, `fieldId`, `typeId`, `sortOrder`, `ownerLocale`, `dateCreated`, `dateUpdated`, `uid`) VALUES ('7', '2', '3', '2', '1', NULL, '2015-08-23 11:06:53', '2015-09-19 02:28:54', '58891222-f259-4c1d-8cd7-b545b3b1fd6e');
INSERT INTO `craft_matrixblocks` (`id`, `ownerId`, `fieldId`, `typeId`, `sortOrder`, `ownerLocale`, `dateCreated`, `dateUpdated`, `uid`) VALUES ('32', '31', '11', '4', '1', NULL, '2015-09-19 04:13:35', '2015-09-19 04:13:35', '2fea978c-d4e8-4232-9180-3655246f20d3');
INSERT INTO `craft_matrixblocks` (`id`, `ownerId`, `fieldId`, `typeId`, `sortOrder`, `ownerLocale`, `dateCreated`, `dateUpdated`, `uid`) VALUES ('33', '31', '11', '4', '2', NULL, '2015-09-19 04:13:35', '2015-09-19 04:13:35', 'e0e65a3d-6f62-40ea-9d14-7364636dea62');



DROP TABLE IF EXISTS `craft_matrixblocktypes`;


--
-- Schema for table `craft_matrixblocktypes`
--
CREATE TABLE `craft_matrixblocktypes` (
  `id` int(11) NOT NULL AUTO_INCREMENT,
  `fieldId` int(11) NOT NULL,
  `fieldLayoutId` int(11) DEFAULT NULL,
  `name` varchar(255) COLLATE utf8_unicode_ci NOT NULL,
  `handle` varchar(255) COLLATE utf8_unicode_ci NOT NULL,
  `sortOrder` tinyint(4) DEFAULT NULL,
  `dateCreated` datetime NOT NULL,
  `dateUpdated` datetime NOT NULL,
  `uid` char(36) COLLATE utf8_unicode_ci NOT NULL DEFAULT '0',
  PRIMARY KEY (`id`),
  UNIQUE KEY `craft_matrixblocktypes_name_fieldId_unq_idx` (`name`,`fieldId`),
  UNIQUE KEY `craft_matrixblocktypes_handle_fieldId_unq_idx` (`handle`,`fieldId`),
  KEY `craft_matrixblocktypes_fieldId_fk` (`fieldId`),
  KEY `craft_matrixblocktypes_fieldLayoutId_fk` (`fieldLayoutId`)
) ENGINE=InnoDB AUTO_INCREMENT=5 DEFAULT CHARSET=utf8 COLLATE=utf8_unicode_ci;

--
-- Data for table `craft_matrixblocktypes`
--

INSERT INTO `craft_matrixblocktypes` (`id`, `fieldId`, `fieldLayoutId`, `name`, `handle`, `sortOrder`, `dateCreated`, `dateUpdated`, `uid`) VALUES ('1', '3', '27', 'YouTube embed', 'youtubeEmbed', '1', '2015-08-23 10:44:02', '2015-09-19 02:46:02', '23101b9c-af32-4326-966f-9815150ae0b2');
INSERT INTO `craft_matrixblocktypes` (`id`, `fieldId`, `fieldLayoutId`, `name`, `handle`, `sortOrder`, `dateCreated`, `dateUpdated`, `uid`) VALUES ('2', '3', '28', 'slideshow', 'slideshow', '2', '2015-08-23 10:59:32', '2015-09-19 02:46:02', 'ba24f2b4-63da-43ea-8703-e84b388796a2');
INSERT INTO `craft_matrixblocktypes` (`id`, `fieldId`, `fieldLayoutId`, `name`, `handle`, `sortOrder`, `dateCreated`, `dateUpdated`, `uid`) VALUES ('3', '3', '29', 'Pull quote', 'pullQuote', '3', '2015-08-23 11:01:52', '2015-09-19 02:46:02', 'ad2fff2d-2f0b-4e72-bb54-59e1c1801577');
INSERT INTO `craft_matrixblocktypes` (`id`, `fieldId`, `fieldLayoutId`, `name`, `handle`, `sortOrder`, `dateCreated`, `dateUpdated`, `uid`) VALUES ('4', '11', '41', 'Contact Block', 'contactBlock', '1', '2015-09-19 04:11:34', '2015-09-19 04:12:16', '2929ec01-093a-446d-8239-4b5b99291bed');



DROP TABLE IF EXISTS `craft_matrixcontent_contactinformation`;


--
-- Schema for table `craft_matrixcontent_contactinformation`
--
CREATE TABLE `craft_matrixcontent_contactinformation` (
  `id` int(11) NOT NULL AUTO_INCREMENT,
  `elementId` int(11) NOT NULL,
  `locale` char(12) COLLATE utf8_unicode_ci NOT NULL,
  `field_contactBlock_fieldTitle` text COLLATE utf8_unicode_ci,
  `field_contactBlock_fieldValue` text COLLATE utf8_unicode_ci,
  `dateCreated` datetime NOT NULL,
  `dateUpdated` datetime NOT NULL,
  `uid` char(36) COLLATE utf8_unicode_ci NOT NULL DEFAULT '0',
  PRIMARY KEY (`id`),
  UNIQUE KEY `craft_matrixcontent_contactinformation_elementId_locale_unq_idx` (`elementId`,`locale`),
  KEY `craft_matrixcontent_contactinformation_locale_fk` (`locale`)
) ENGINE=InnoDB AUTO_INCREMENT=5 DEFAULT CHARSET=utf8 COLLATE=utf8_unicode_ci;

--
-- Data for table `craft_matrixcontent_contactinformation`
--

INSERT INTO `craft_matrixcontent_contactinformation` (`id`, `elementId`, `locale`, `field_contactBlock_fieldTitle`, `field_contactBlock_fieldValue`, `dateCreated`, `dateUpdated`, `uid`) VALUES ('1', '32', 'en_au', 'Phone', '0000 0000', '2015-09-19 04:13:35', '2015-09-19 10:51:12', '42269895-bb5f-49cf-a8ed-9bd080232f5e');
INSERT INTO `craft_matrixcontent_contactinformation` (`id`, `elementId`, `locale`, `field_contactBlock_fieldTitle`, `field_contactBlock_fieldValue`, `dateCreated`, `dateUpdated`, `uid`) VALUES ('3', '33', 'en_au', 'Email', 'user@domain.name', '2015-09-19 04:13:35', '2015-09-19 10:51:12', 'b912476b-836e-4c8f-875b-853d0b431d89');



DROP TABLE IF EXISTS `craft_matrixcontent_homepagecontent`;


--
-- Schema for table `craft_matrixcontent_homepagecontent`
--
CREATE TABLE `craft_matrixcontent_homepagecontent` (
  `id` int(11) NOT NULL AUTO_INCREMENT,
  `elementId` int(11) NOT NULL,
  `locale` char(12) COLLATE utf8_unicode_ci NOT NULL,
  `field_youtubeEmbed_videoTitle` text COLLATE utf8_unicode_ci,
  `field_youtubeEmbed_embedCode` text COLLATE utf8_unicode_ci,
  `field_slideshow_caption` text COLLATE utf8_unicode_ci,
  `field_slideshow_image` text COLLATE utf8_unicode_ci,
  `field_pullQuote_author` text COLLATE utf8_unicode_ci,
  `field_pullQuote_quote` text COLLATE utf8_unicode_ci,
  `dateCreated` datetime NOT NULL,
  `dateUpdated` datetime NOT NULL,
  `uid` char(36) COLLATE utf8_unicode_ci NOT NULL DEFAULT '0',
  PRIMARY KEY (`id`),
  UNIQUE KEY `craft_matrixcontent_homepagecontent_elementId_locale_unq_idx` (`elementId`,`locale`),
  KEY `craft_matrixcontent_homepagecontent_locale_idx` (`locale`)
) ENGINE=InnoDB AUTO_INCREMENT=9 DEFAULT CHARSET=utf8 COLLATE=utf8_unicode_ci;

--
-- Data for table `craft_matrixcontent_homepagecontent`
--

INSERT INTO `craft_matrixcontent_homepagecontent` (`id`, `elementId`, `locale`, `field_youtubeEmbed_videoTitle`, `field_youtubeEmbed_embedCode`, `field_slideshow_caption`, `field_slideshow_image`, `field_pullQuote_author`, `field_pullQuote_quote`, `dateCreated`, `dateUpdated`, `uid`) VALUES ('1', '4', 'en_au', 'This is the title', '1234', NULL, NULL, NULL, NULL, '2015-08-23 10:51:37', '2015-09-19 10:51:12', '47877dbe-12b2-4a33-9343-d9188ee726e1');
INSERT INTO `craft_matrixcontent_homepagecontent` (`id`, `elementId`, `locale`, `field_youtubeEmbed_videoTitle`, `field_youtubeEmbed_embedCode`, `field_slideshow_caption`, `field_slideshow_image`, `field_pullQuote_author`, `field_pullQuote_quote`, `dateCreated`, `dateUpdated`, `uid`) VALUES ('2', '5', 'en_au', NULL, NULL, 'This is the image caption', 'this is the image url', NULL, NULL, '2015-08-23 11:06:53', '2015-09-19 10:51:12', '7d344645-f5b0-44ec-9081-15d534e76615');
INSERT INTO `craft_matrixcontent_homepagecontent` (`id`, `elementId`, `locale`, `field_youtubeEmbed_videoTitle`, `field_youtubeEmbed_embedCode`, `field_slideshow_caption`, `field_slideshow_image`, `field_pullQuote_author`, `field_pullQuote_quote`, `dateCreated`, `dateUpdated`, `uid`) VALUES ('3', '6', 'en_au', NULL, NULL, NULL, NULL, 'Pull quote author', 'Pull quote content', '2015-08-23 11:06:53', '2015-09-19 10:51:12', 'a30b4580-35ef-4c8e-94e6-eee29efc09b4');
INSERT INTO `craft_matrixcontent_homepagecontent` (`id`, `elementId`, `locale`, `field_youtubeEmbed_videoTitle`, `field_youtubeEmbed_embedCode`, `field_slideshow_caption`, `field_slideshow_image`, `field_pullQuote_author`, `field_pullQuote_quote`, `dateCreated`, `dateUpdated`, `uid`) VALUES ('4', '7', 'en_au', NULL, NULL, 'Image caption 2', 'this is the 2nd image url', NULL, NULL, '2015-08-23 11:06:53', '2015-09-19 10:51:12', '3f854288-68df-4a9a-b91d-636ba76de184');



DROP TABLE IF EXISTS `craft_migrations`;


--
-- Schema for table `craft_migrations`
--
CREATE TABLE `craft_migrations` (
  `id` int(11) NOT NULL AUTO_INCREMENT,
  `pluginId` int(11) DEFAULT NULL,
  `version` varchar(255) COLLATE utf8_unicode_ci NOT NULL,
  `applyTime` datetime NOT NULL,
  `dateCreated` datetime NOT NULL,
  `dateUpdated` datetime NOT NULL,
  `uid` char(36) COLLATE utf8_unicode_ci NOT NULL DEFAULT '0',
  PRIMARY KEY (`id`),
  UNIQUE KEY `craft_migrations_version_unq_idx` (`version`),
  KEY `craft_migrations_pluginId_fk` (`pluginId`)
) ENGINE=InnoDB AUTO_INCREMENT=19 DEFAULT CHARSET=utf8 COLLATE=utf8_unicode_ci;

--
-- Data for table `craft_migrations`
--

INSERT INTO `craft_migrations` (`id`, `pluginId`, `version`, `applyTime`, `dateCreated`, `dateUpdated`, `uid`) VALUES ('1', NULL, 'm000000_000000_base', '2015-08-23 09:32:10', '2015-08-23 09:32:10', '2015-08-23 09:32:10', '4829eacd-3478-4e52-b16e-7bb49d58aed8');
INSERT INTO `craft_migrations` (`id`, `pluginId`, `version`, `applyTime`, `dateCreated`, `dateUpdated`, `uid`) VALUES ('2', NULL, 'm140730_000001_add_filename_and_format_to_transformindex', '2015-08-23 09:32:10', '2015-08-23 09:32:10', '2015-08-23 09:32:10', '288a17cf-76d4-484b-a8d6-385b77fea48d');
INSERT INTO `craft_migrations` (`id`, `pluginId`, `version`, `applyTime`, `dateCreated`, `dateUpdated`, `uid`) VALUES ('3', NULL, 'm140815_000001_add_format_to_transforms', '2015-08-23 09:32:10', '2015-08-23 09:32:10', '2015-08-23 09:32:10', '3eb100dd-a99e-4fb9-8aed-a8bfa07e914f');
INSERT INTO `craft_migrations` (`id`, `pluginId`, `version`, `applyTime`, `dateCreated`, `dateUpdated`, `uid`) VALUES ('4', NULL, 'm140822_000001_allow_more_than_128_items_per_field', '2015-08-23 09:32:10', '2015-08-23 09:32:10', '2015-08-23 09:32:10', '18077a0c-e6d2-4462-bfd8-87babf83ee63');
INSERT INTO `craft_migrations` (`id`, `pluginId`, `version`, `applyTime`, `dateCreated`, `dateUpdated`, `uid`) VALUES ('5', NULL, 'm140829_000001_single_title_formats', '2015-08-23 09:32:10', '2015-08-23 09:32:10', '2015-08-23 09:32:10', '937bb16f-5d46-4c14-a4f4-c3523c24ce8e');
INSERT INTO `craft_migrations` (`id`, `pluginId`, `version`, `applyTime`, `dateCreated`, `dateUpdated`, `uid`) VALUES ('6', NULL, 'm140831_000001_extended_cache_keys', '2015-08-23 09:32:10', '2015-08-23 09:32:10', '2015-08-23 09:32:10', '7b490e16-d188-4628-9058-0be4c8be9c8b');
INSERT INTO `craft_migrations` (`id`, `pluginId`, `version`, `applyTime`, `dateCreated`, `dateUpdated`, `uid`) VALUES ('7', NULL, 'm140922_000001_delete_orphaned_matrix_blocks', '2015-08-23 09:32:10', '2015-08-23 09:32:10', '2015-08-23 09:32:10', '0d6b2702-6795-49d5-afe9-7bd3e6b8e8b1');
INSERT INTO `craft_migrations` (`id`, `pluginId`, `version`, `applyTime`, `dateCreated`, `dateUpdated`, `uid`) VALUES ('8', NULL, 'm141008_000001_elements_index_tune', '2015-08-23 09:32:10', '2015-08-23 09:32:10', '2015-08-23 09:32:10', '03a635db-e475-4da8-870b-fd82b390f0d4');
INSERT INTO `craft_migrations` (`id`, `pluginId`, `version`, `applyTime`, `dateCreated`, `dateUpdated`, `uid`) VALUES ('9', NULL, 'm141009_000001_assets_source_handle', '2015-08-23 09:32:10', '2015-08-23 09:32:10', '2015-08-23 09:32:10', '396cc8c5-a63b-4862-be0e-0b392bf923c9');
INSERT INTO `craft_migrations` (`id`, `pluginId`, `version`, `applyTime`, `dateCreated`, `dateUpdated`, `uid`) VALUES ('10', NULL, 'm141024_000001_field_layout_tabs', '2015-08-23 09:32:10', '2015-08-23 09:32:10', '2015-08-23 09:32:10', '2d2ca8f1-89ee-4b00-bd9b-d567ef254e35');
INSERT INTO `craft_migrations` (`id`, `pluginId`, `version`, `applyTime`, `dateCreated`, `dateUpdated`, `uid`) VALUES ('11', NULL, 'm141030_000001_drop_structure_move_permission', '2015-08-23 09:32:10', '2015-08-23 09:32:10', '2015-08-23 09:32:10', '83a6157e-323a-43f6-8327-3ffb96fc6cf3');
INSERT INTO `craft_migrations` (`id`, `pluginId`, `version`, `applyTime`, `dateCreated`, `dateUpdated`, `uid`) VALUES ('12', NULL, 'm141103_000001_tag_titles', '2015-08-23 09:32:10', '2015-08-23 09:32:10', '2015-08-23 09:32:10', '6f13b364-1af1-40c5-b131-094da29591be');
INSERT INTO `craft_migrations` (`id`, `pluginId`, `version`, `applyTime`, `dateCreated`, `dateUpdated`, `uid`) VALUES ('13', NULL, 'm141109_000001_user_status_shuffle', '2015-08-23 09:32:10', '2015-08-23 09:32:10', '2015-08-23 09:32:10', '6039ec03-03f0-46e9-9b00-003ea31adb89');
INSERT INTO `craft_migrations` (`id`, `pluginId`, `version`, `applyTime`, `dateCreated`, `dateUpdated`, `uid`) VALUES ('14', NULL, 'm141126_000001_user_week_start_day', '2015-08-23 09:32:10', '2015-08-23 09:32:10', '2015-08-23 09:32:10', '69f0c6de-4646-4c6f-a677-81b7924c3409');
INSERT INTO `craft_migrations` (`id`, `pluginId`, `version`, `applyTime`, `dateCreated`, `dateUpdated`, `uid`) VALUES ('15', NULL, 'm150210_000001_adjust_user_photo_size', '2015-08-23 09:32:10', '2015-08-23 09:32:10', '2015-08-23 09:32:10', '9da42c7a-30e1-493f-a890-5f1b570a2ca3');
INSERT INTO `craft_migrations` (`id`, `pluginId`, `version`, `applyTime`, `dateCreated`, `dateUpdated`, `uid`) VALUES ('16', '2', 'm150614_182036_formbuilder_AddHasFileUploadsFieldColumn', '2015-09-19 11:04:29', '2015-09-19 11:04:29', '2015-09-19 11:04:29', '400ee028-2d34-4d8f-b49d-e68406e8f5aa');
INSERT INTO `craft_migrations` (`id`, `pluginId`, `version`, `applyTime`, `dateCreated`, `dateUpdated`, `uid`) VALUES ('17', '2', 'm150614_193116_formbuilder_AddUploadSourceColumn', '2015-09-19 11:04:29', '2015-09-19 11:04:29', '2015-09-19 11:04:29', '26fde8d4-71bc-44a7-b1fd-2678e92d225f');
INSERT INTO `craft_migrations` (`id`, `pluginId`, `version`, `applyTime`, `dateCreated`, `dateUpdated`, `uid`) VALUES ('18', '2', 'm150619_155820_formbuilder_UpdateEntriesDataColumnType', '2015-09-19 11:04:29', '2015-09-19 11:04:29', '2015-09-19 11:04:29', '9ad80868-6a87-4f75-86bf-ccf3e2cb78e4');



DROP TABLE IF EXISTS `craft_plugins`;


--
-- Schema for table `craft_plugins`
--
CREATE TABLE `craft_plugins` (
  `id` int(11) NOT NULL AUTO_INCREMENT,
  `class` varchar(150) COLLATE utf8_unicode_ci NOT NULL,
  `version` char(15) COLLATE utf8_unicode_ci NOT NULL,
  `enabled` tinyint(1) unsigned NOT NULL DEFAULT '0',
  `settings` text COLLATE utf8_unicode_ci,
  `installDate` datetime NOT NULL,
  `dateCreated` datetime NOT NULL,
  `dateUpdated` datetime NOT NULL,
  `uid` char(36) COLLATE utf8_unicode_ci NOT NULL DEFAULT '0',
  PRIMARY KEY (`id`)
) ENGINE=InnoDB AUTO_INCREMENT=3 DEFAULT CHARSET=utf8 COLLATE=utf8_unicode_ci;

--
-- Data for table `craft_plugins`
--

INSERT INTO `craft_plugins` (`id`, `class`, `version`, `enabled`, `settings`, `installDate`, `dateCreated`, `dateUpdated`, `uid`) VALUES ('1', 'TimedAsset', '1.0.0', '1', NULL, '2015-08-31 23:51:08', '2015-08-31 23:51:08', '2015-09-19 02:08:57', '2c7788f5-a61c-44c8-8bf9-7b09ecb1de15');
INSERT INTO `craft_plugins` (`id`, `class`, `version`, `enabled`, `settings`, `installDate`, `dateCreated`, `dateUpdated`, `uid`) VALUES ('2', 'FormBuilder', '1.4.2', '1', NULL, '2015-09-19 11:04:29', '2015-09-19 11:04:29', '2015-09-19 13:24:27', 'dde9e64c-7b12-4bc0-95b7-b647d423b21c');



DROP TABLE IF EXISTS `craft_rackspaceaccess`;


--
-- Schema for table `craft_rackspaceaccess`
--
CREATE TABLE `craft_rackspaceaccess` (
  `id` int(11) NOT NULL AUTO_INCREMENT,
  `connectionKey` varchar(255) COLLATE utf8_unicode_ci NOT NULL,
  `token` varchar(255) COLLATE utf8_unicode_ci NOT NULL,
  `storageUrl` varchar(255) COLLATE utf8_unicode_ci NOT NULL,
  `cdnUrl` varchar(255) COLLATE utf8_unicode_ci NOT NULL,
  `dateCreated` datetime NOT NULL,
  `dateUpdated` datetime NOT NULL,
  `uid` char(36) COLLATE utf8_unicode_ci NOT NULL DEFAULT '0',
  PRIMARY KEY (`id`),
  UNIQUE KEY `craft_rackspaceaccess_connectionKey_unq_idx` (`connectionKey`)
) ENGINE=InnoDB DEFAULT CHARSET=utf8 COLLATE=utf8_unicode_ci;

DROP TABLE IF EXISTS `craft_relations`;


--
-- Schema for table `craft_relations`
--
CREATE TABLE `craft_relations` (
  `id` int(11) NOT NULL AUTO_INCREMENT,
  `fieldId` int(11) NOT NULL,
  `sourceId` int(11) NOT NULL,
  `sourceLocale` char(12) COLLATE utf8_unicode_ci DEFAULT NULL,
  `targetId` int(11) NOT NULL,
  `sortOrder` smallint(6) DEFAULT NULL,
  `dateCreated` datetime NOT NULL,
  `dateUpdated` datetime NOT NULL,
  `uid` char(36) COLLATE utf8_unicode_ci NOT NULL DEFAULT '0',
  PRIMARY KEY (`id`),
  UNIQUE KEY `craft_relations_fieldId_sourceId_sourceLocale_targetId_unq_idx` (`fieldId`,`sourceId`,`sourceLocale`,`targetId`),
  KEY `craft_relations_sourceId_fk` (`sourceId`),
  KEY `craft_relations_sourceLocale_fk` (`sourceLocale`),
  KEY `craft_relations_targetId_fk` (`targetId`)
) ENGINE=InnoDB AUTO_INCREMENT=29 DEFAULT CHARSET=utf8 COLLATE=utf8_unicode_ci;

--
-- Data for table `craft_relations`
--

INSERT INTO `craft_relations` (`id`, `fieldId`, `sourceId`, `sourceLocale`, `targetId`, `sortOrder`, `dateCreated`, `dateUpdated`, `uid`) VALUES ('20', '10', '2', 'en_au', '24', '1', '2015-09-19 02:28:54', '2015-09-19 02:46:18', '24a06974-6183-427d-b169-8d9043d5b65c');
INSERT INTO `craft_relations` (`id`, `fieldId`, `sourceId`, `sourceLocale`, `targetId`, `sortOrder`, `dateCreated`, `dateUpdated`, `uid`) VALUES ('21', '10', '2', 'en_au', '25', '2', '2015-09-19 02:28:54', '2015-09-19 02:46:18', '5a4e6654-b994-45e7-9b16-ceffd6be86dd');
INSERT INTO `craft_relations` (`id`, `fieldId`, `sourceId`, `sourceLocale`, `targetId`, `sortOrder`, `dateCreated`, `dateUpdated`, `uid`) VALUES ('27', '10', '26', 'en_au', '25', '1', '2015-09-19 03:34:01', '2015-09-19 03:34:01', '769c34fe-43a6-47a7-87ff-e37246dfe086');
INSERT INTO `craft_relations` (`id`, `fieldId`, `sourceId`, `sourceLocale`, `targetId`, `sortOrder`, `dateCreated`, `dateUpdated`, `uid`) VALUES ('28', '19', '40', NULL, '16', '1', '2015-09-19 14:24:59', '2015-09-19 14:24:59', '3fef6d01-9d15-47e6-8da8-14fecdcf4a7c');



DROP TABLE IF EXISTS `craft_routes`;


--
-- Schema for table `craft_routes`
--
CREATE TABLE `craft_routes` (
  `id` int(11) NOT NULL AUTO_INCREMENT,
  `locale` char(12) COLLATE utf8_unicode_ci DEFAULT NULL,
  `urlParts` varchar(255) COLLATE utf8_unicode_ci NOT NULL,
  `urlPattern` varchar(255) COLLATE utf8_unicode_ci NOT NULL,
  `template` varchar(255) COLLATE utf8_unicode_ci NOT NULL,
  `sortOrder` tinyint(4) DEFAULT NULL,
  `dateCreated` datetime NOT NULL,
  `dateUpdated` datetime NOT NULL,
  `uid` char(36) COLLATE utf8_unicode_ci NOT NULL DEFAULT '0',
  PRIMARY KEY (`id`),
  UNIQUE KEY `craft_routes_urlPattern_unq_idx` (`urlPattern`),
  KEY `craft_routes_locale_idx` (`locale`)
) ENGINE=InnoDB DEFAULT CHARSET=utf8 COLLATE=utf8_unicode_ci;

DROP TABLE IF EXISTS `craft_searchindex`;


--
-- Schema for table `craft_searchindex`
--
CREATE TABLE `craft_searchindex` (
  `elementId` int(11) NOT NULL,
  `attribute` varchar(25) COLLATE utf8_unicode_ci NOT NULL,
  `fieldId` int(11) NOT NULL,
  `locale` char(12) COLLATE utf8_unicode_ci NOT NULL,
  `keywords` text COLLATE utf8_unicode_ci NOT NULL,
  PRIMARY KEY (`elementId`,`attribute`,`fieldId`,`locale`),
  FULLTEXT KEY `craft_searchindex_keywords_idx` (`keywords`)
) ENGINE=MyISAM DEFAULT CHARSET=utf8 COLLATE=utf8_unicode_ci;

--
-- Data for table `craft_searchindex`
--

INSERT INTO `craft_searchindex` (`elementId`, `attribute`, `fieldId`, `locale`, `keywords`) VALUES ('1', 'username', '0', 'en_au', ' wdadmin ');
INSERT INTO `craft_searchindex` (`elementId`, `attribute`, `fieldId`, `locale`, `keywords`) VALUES ('1', 'firstname', '0', 'en_au', ' walker ');
INSERT INTO `craft_searchindex` (`elementId`, `attribute`, `fieldId`, `locale`, `keywords`) VALUES ('1', 'lastname', '0', 'en_au', ' designs ');
INSERT INTO `craft_searchindex` (`elementId`, `attribute`, `fieldId`, `locale`, `keywords`) VALUES ('1', 'fullname', '0', 'en_au', ' walker designs ');
INSERT INTO `craft_searchindex` (`elementId`, `attribute`, `fieldId`, `locale`, `keywords`) VALUES ('1', 'email', '0', 'en_au', ' webmaster walkerdesigns com au ');
INSERT INTO `craft_searchindex` (`elementId`, `attribute`, `fieldId`, `locale`, `keywords`) VALUES ('1', 'slug', '0', 'en_au', '');
INSERT INTO `craft_searchindex` (`elementId`, `attribute`, `fieldId`, `locale`, `keywords`) VALUES ('2', 'slug', '0', 'en_au', ' homepage ');
INSERT INTO `craft_searchindex` (`elementId`, `attribute`, `fieldId`, `locale`, `keywords`) VALUES ('2', 'title', '0', 'en_au', ' home ');
INSERT INTO `craft_searchindex` (`elementId`, `attribute`, `fieldId`, `locale`, `keywords`) VALUES ('2', 'field', '1', 'en_au', ' roin sit amet est at orci tincidunt volutpat curabitur rhoncus semper urna mattis faucibus lorem commodo eget nullam blandit rhoncus ipsum a ullamcorper duis placerat lacinia justo sit amet molestie nulla pellentesque sit amet etiam viverra enim ut enim vehicula gravida aliquam egestas magna ut leo eleifend elementum aliquam purus finibus donec faucibus neque vel mauris porttitor in tempor risus rutrum donec luctus ac metus quis pulvinar phasellus molestie porttitor magna ut interdum elit lacinia sit amet quisque efficitur tempor blandit sed consectetur imperdiet dui quis venenatis dui feugiat quis praesent id augue eu nibh efficitur pellentesque ');
INSERT INTO `craft_searchindex` (`elementId`, `attribute`, `fieldId`, `locale`, `keywords`) VALUES ('3', 'field', '1', 'en_au', ' craft is the cms that s powering madeforconstruction com it s beautiful powerful flexible and easy to use and it s made by pixel tonic we can t wait to dive in and see what it s capable of this is even more captivating content which you couldn t see on the news index page because it was entered after a page break and the news index template only likes to show the content on the first page craft a nice alternative to word if you re making a website ');
INSERT INTO `craft_searchindex` (`elementId`, `attribute`, `fieldId`, `locale`, `keywords`) VALUES ('3', 'field', '2', 'en_au', '');
INSERT INTO `craft_searchindex` (`elementId`, `attribute`, `fieldId`, `locale`, `keywords`) VALUES ('3', 'slug', '0', 'en_au', ' we just installed craft ');
INSERT INTO `craft_searchindex` (`elementId`, `attribute`, `fieldId`, `locale`, `keywords`) VALUES ('3', 'title', '0', 'en_au', ' we just installed craft ');
INSERT INTO `craft_searchindex` (`elementId`, `attribute`, `fieldId`, `locale`, `keywords`) VALUES ('2', 'field', '3', 'en_au', ' image caption 2 this is the 2nd image url 1234 this is the title this is the image caption this is the image url pull quote author pull quote content ');
INSERT INTO `craft_searchindex` (`elementId`, `attribute`, `fieldId`, `locale`, `keywords`) VALUES ('4', 'field', '4', 'en_au', ' this is the title ');
INSERT INTO `craft_searchindex` (`elementId`, `attribute`, `fieldId`, `locale`, `keywords`) VALUES ('4', 'field', '5', 'en_au', ' 1234 ');
INSERT INTO `craft_searchindex` (`elementId`, `attribute`, `fieldId`, `locale`, `keywords`) VALUES ('4', 'slug', '0', 'en_au', '');
INSERT INTO `craft_searchindex` (`elementId`, `attribute`, `fieldId`, `locale`, `keywords`) VALUES ('5', 'field', '6', 'en_au', ' this is the image caption ');
INSERT INTO `craft_searchindex` (`elementId`, `attribute`, `fieldId`, `locale`, `keywords`) VALUES ('5', 'field', '7', 'en_au', ' this is the image url ');
INSERT INTO `craft_searchindex` (`elementId`, `attribute`, `fieldId`, `locale`, `keywords`) VALUES ('5', 'slug', '0', 'en_au', '');
INSERT INTO `craft_searchindex` (`elementId`, `attribute`, `fieldId`, `locale`, `keywords`) VALUES ('6', 'field', '8', 'en_au', ' pull quote author ');
INSERT INTO `craft_searchindex` (`elementId`, `attribute`, `fieldId`, `locale`, `keywords`) VALUES ('6', 'field', '9', 'en_au', ' pull quote content ');
INSERT INTO `craft_searchindex` (`elementId`, `attribute`, `fieldId`, `locale`, `keywords`) VALUES ('6', 'slug', '0', 'en_au', '');
INSERT INTO `craft_searchindex` (`elementId`, `attribute`, `fieldId`, `locale`, `keywords`) VALUES ('7', 'field', '6', 'en_au', ' image caption 2 ');
INSERT INTO `craft_searchindex` (`elementId`, `attribute`, `fieldId`, `locale`, `keywords`) VALUES ('7', 'field', '7', 'en_au', ' this is the 2nd image url ');
INSERT INTO `craft_searchindex` (`elementId`, `attribute`, `fieldId`, `locale`, `keywords`) VALUES ('7', 'slug', '0', 'en_au', '');
INSERT INTO `craft_searchindex` (`elementId`, `attribute`, `fieldId`, `locale`, `keywords`) VALUES ('24', 'title', '0', 'en_au', ' dsc 9927 ');
INSERT INTO `craft_searchindex` (`elementId`, `attribute`, `fieldId`, `locale`, `keywords`) VALUES ('24', 'slug', '0', 'en_au', ' dsc 9927 ');
INSERT INTO `craft_searchindex` (`elementId`, `attribute`, `fieldId`, `locale`, `keywords`) VALUES ('2', 'field', '10', 'en_au', ' dsc 9927 dsc 9919 ');
INSERT INTO `craft_searchindex` (`elementId`, `attribute`, `fieldId`, `locale`, `keywords`) VALUES ('24', 'filename', '0', 'en_au', ' dsc_9927 jpg ');
INSERT INTO `craft_searchindex` (`elementId`, `attribute`, `fieldId`, `locale`, `keywords`) VALUES ('24', 'extension', '0', 'en_au', ' jpg ');
INSERT INTO `craft_searchindex` (`elementId`, `attribute`, `fieldId`, `locale`, `keywords`) VALUES ('24', 'kind', '0', 'en_au', ' image ');
INSERT INTO `craft_searchindex` (`elementId`, `attribute`, `fieldId`, `locale`, `keywords`) VALUES ('16', 'field', '2', 'en_au', '');
INSERT INTO `craft_searchindex` (`elementId`, `attribute`, `fieldId`, `locale`, `keywords`) VALUES ('16', 'field', '1', 'en_au', ' entry content here ');
INSERT INTO `craft_searchindex` (`elementId`, `attribute`, `fieldId`, `locale`, `keywords`) VALUES ('16', 'slug', '0', 'en_au', ' entry title here ');
INSERT INTO `craft_searchindex` (`elementId`, `attribute`, `fieldId`, `locale`, `keywords`) VALUES ('16', 'title', '0', 'en_au', ' entry title here ');
INSERT INTO `craft_searchindex` (`elementId`, `attribute`, `fieldId`, `locale`, `keywords`) VALUES ('25', 'title', '0', 'en_au', ' dsc 9919 ');
INSERT INTO `craft_searchindex` (`elementId`, `attribute`, `fieldId`, `locale`, `keywords`) VALUES ('23', 'filename', '0', 'en_au', ' apple touch icon 114x114 png ');
INSERT INTO `craft_searchindex` (`elementId`, `attribute`, `fieldId`, `locale`, `keywords`) VALUES ('25', 'kind', '0', 'en_au', ' image ');
INSERT INTO `craft_searchindex` (`elementId`, `attribute`, `fieldId`, `locale`, `keywords`) VALUES ('25', 'slug', '0', 'en_au', ' dsc 9919 ');
INSERT INTO `craft_searchindex` (`elementId`, `attribute`, `fieldId`, `locale`, `keywords`) VALUES ('23', 'extension', '0', 'en_au', ' png ');
INSERT INTO `craft_searchindex` (`elementId`, `attribute`, `fieldId`, `locale`, `keywords`) VALUES ('23', 'kind', '0', 'en_au', ' image ');
INSERT INTO `craft_searchindex` (`elementId`, `attribute`, `fieldId`, `locale`, `keywords`) VALUES ('25', 'extension', '0', 'en_au', ' jpg ');
INSERT INTO `craft_searchindex` (`elementId`, `attribute`, `fieldId`, `locale`, `keywords`) VALUES ('25', 'filename', '0', 'en_au', ' dsc_9919 jpg ');
INSERT INTO `craft_searchindex` (`elementId`, `attribute`, `fieldId`, `locale`, `keywords`) VALUES ('23', 'slug', '0', 'en_au', ' apple touch icon 114x114 ');
INSERT INTO `craft_searchindex` (`elementId`, `attribute`, `fieldId`, `locale`, `keywords`) VALUES ('23', 'title', '0', 'en_au', ' apple touch icon 114x114 ');
INSERT INTO `craft_searchindex` (`elementId`, `attribute`, `fieldId`, `locale`, `keywords`) VALUES ('26', 'slug', '0', 'en_au', ' about us ');
INSERT INTO `craft_searchindex` (`elementId`, `attribute`, `fieldId`, `locale`, `keywords`) VALUES ('26', 'title', '0', 'en_au', ' about us ');
INSERT INTO `craft_searchindex` (`elementId`, `attribute`, `fieldId`, `locale`, `keywords`) VALUES ('27', 'slug', '0', 'en_au', ' our company ');
INSERT INTO `craft_searchindex` (`elementId`, `attribute`, `fieldId`, `locale`, `keywords`) VALUES ('27', 'title', '0', 'en_au', ' our company ');
INSERT INTO `craft_searchindex` (`elementId`, `attribute`, `fieldId`, `locale`, `keywords`) VALUES ('28', 'slug', '0', 'en_au', ' strategy and vision ');
INSERT INTO `craft_searchindex` (`elementId`, `attribute`, `fieldId`, `locale`, `keywords`) VALUES ('28', 'title', '0', 'en_au', ' strategy vision ');
INSERT INTO `craft_searchindex` (`elementId`, `attribute`, `fieldId`, `locale`, `keywords`) VALUES ('29', 'slug', '0', 'en_au', ' our staff ');
INSERT INTO `craft_searchindex` (`elementId`, `attribute`, `fieldId`, `locale`, `keywords`) VALUES ('29', 'title', '0', 'en_au', ' our staff ');
INSERT INTO `craft_searchindex` (`elementId`, `attribute`, `fieldId`, `locale`, `keywords`) VALUES ('26', 'slug', '0', 'zh', ' 关于我们 ');
INSERT INTO `craft_searchindex` (`elementId`, `attribute`, `fieldId`, `locale`, `keywords`) VALUES ('26', 'title', '0', 'zh', ' 关于我们 ');
INSERT INTO `craft_searchindex` (`elementId`, `attribute`, `fieldId`, `locale`, `keywords`) VALUES ('2', 'field', '1', 'zh', ' 坐在美 国东部 时间坐在美 国东部 时间坐在美 国东部 时间坐在美 国东部 时间坐在美 国东部 时间坐在美 国东部 时间坐在美 国东部 时间坐在美 国东部 时间坐在美 国东部 时间坐在美 国东部 时间坐在美 国东部 时间 ');
INSERT INTO `craft_searchindex` (`elementId`, `attribute`, `fieldId`, `locale`, `keywords`) VALUES ('2', 'slug', '0', 'zh', ' homepage ');
INSERT INTO `craft_searchindex` (`elementId`, `attribute`, `fieldId`, `locale`, `keywords`) VALUES ('2', 'title', '0', 'zh', ' 坐在美 国东部 时间​ ');
INSERT INTO `craft_searchindex` (`elementId`, `attribute`, `fieldId`, `locale`, `keywords`) VALUES ('26', 'field', '1', 'en_au', ' roin semper feugiat bibendum etiam varius hendrerit fermentum donec porttitor ultricies urna molestie faucibus lectus convallis eget vivamus non mauris ac tellus facilisis dictum donec sit amet libero sit amet libero placerat scelerisque a auctor metus nullam orci ante venenatis sit amet velit eget pellentesque egestas nunc class aptent taciti sociosqu ad litora torquent per conubia nostra per inceptos himenaeos cras sed nisl eros ');
INSERT INTO `craft_searchindex` (`elementId`, `attribute`, `fieldId`, `locale`, `keywords`) VALUES ('2', 'field', '3', 'zh', '');
INSERT INTO `craft_searchindex` (`elementId`, `attribute`, `fieldId`, `locale`, `keywords`) VALUES ('2', 'field', '10', 'zh', ' dsc 9927 ');
INSERT INTO `craft_searchindex` (`elementId`, `attribute`, `fieldId`, `locale`, `keywords`) VALUES ('3', 'field', '1', 'zh', ' craft is the cms that s powering madeforconstruction com it s beautiful powerful flexible and easy to use and it s made by pixel tonic we can t wait to dive in and see what it s capable of this is even more captivating content which you couldn t see on the news index page because it was entered after a page break and the news index template only likes to show the content on the first page craft a nice alternative to word if you re making a website ');
INSERT INTO `craft_searchindex` (`elementId`, `attribute`, `fieldId`, `locale`, `keywords`) VALUES ('3', 'field', '2', 'zh', '');
INSERT INTO `craft_searchindex` (`elementId`, `attribute`, `fieldId`, `locale`, `keywords`) VALUES ('16', 'field', '1', 'zh', ' entry content here ');
INSERT INTO `craft_searchindex` (`elementId`, `attribute`, `fieldId`, `locale`, `keywords`) VALUES ('16', 'field', '2', 'zh', '');
INSERT INTO `craft_searchindex` (`elementId`, `attribute`, `fieldId`, `locale`, `keywords`) VALUES ('26', 'field', '10', 'en_au', ' dsc 9919 ');
INSERT INTO `craft_searchindex` (`elementId`, `attribute`, `fieldId`, `locale`, `keywords`) VALUES ('27', 'field', '1', 'en_au', ' roin semper feugiat bibendum etiam varius hendrerit fermentum donec porttitor ultricies urna molestie faucibus lectus convallis eget vivamus non mauris ac tellus facilisis dictum donec sit amet libero sit amet libero placerat scelerisque a auctor metus nullam orci ante venenatis sit amet velit eget pellentesque egestas nunc class aptent taciti sociosqu ad litora torquent per conubia nostra per inceptos himenaeos cras sed nisl eros ');
INSERT INTO `craft_searchindex` (`elementId`, `attribute`, `fieldId`, `locale`, `keywords`) VALUES ('27', 'field', '10', 'en_au', '');
INSERT INTO `craft_searchindex` (`elementId`, `attribute`, `fieldId`, `locale`, `keywords`) VALUES ('29', 'field', '1', 'en_au', ' nulla vulputate eleifend turpis ut efficitur praesent quis pellentesque dolor nulla eget tellus quis velit iaculis facilisis eget in diam vivamus sed cursus felis morbi ut metus sed neque tincidunt viverra sed vel nunc nunc sodales lorem non mi lacinia eu tincidunt elit pulvinar sed rhoncus egestas commodo suspendisse egestas eros eget sapien molestie sit amet vulputate magna volutpat sed vehicula sodales libero at volutpat dui ultrices vitae suspendisse ante nulla consectetur a ultricies sed scelerisque quis turpis donec rutrum mi dui tempus consectetur est hendrerit ut curabitur eget turpis id est dapibus sodales sed at risus sed eu euismod libero ut lectus neque sodales et ipsum ut fermentum accumsan massa donec mollis quam non luctus blandit nisl est sagittis lacus eget hendrerit ante dolor sed dui ');
INSERT INTO `craft_searchindex` (`elementId`, `attribute`, `fieldId`, `locale`, `keywords`) VALUES ('29', 'field', '10', 'en_au', '');
INSERT INTO `craft_searchindex` (`elementId`, `attribute`, `fieldId`, `locale`, `keywords`) VALUES ('28', 'field', '1', 'en_au', '');
INSERT INTO `craft_searchindex` (`elementId`, `attribute`, `fieldId`, `locale`, `keywords`) VALUES ('28', 'field', '10', 'en_au', '');
INSERT INTO `craft_searchindex` (`elementId`, `attribute`, `fieldId`, `locale`, `keywords`) VALUES ('30', 'field', '1', 'en_au', ' p 03 0000 0000f 03 0000 0000a 000 somewhere stlaunceston tas 7250 ');
INSERT INTO `craft_searchindex` (`elementId`, `attribute`, `fieldId`, `locale`, `keywords`) VALUES ('30', 'field', '10', 'en_au', '');
INSERT INTO `craft_searchindex` (`elementId`, `attribute`, `fieldId`, `locale`, `keywords`) VALUES ('30', 'slug', '0', 'en_au', ' contact ');
INSERT INTO `craft_searchindex` (`elementId`, `attribute`, `fieldId`, `locale`, `keywords`) VALUES ('30', 'title', '0', 'en_au', ' contact us ');
INSERT INTO `craft_searchindex` (`elementId`, `attribute`, `fieldId`, `locale`, `keywords`) VALUES ('30', 'field', '1', 'zh', '');
INSERT INTO `craft_searchindex` (`elementId`, `attribute`, `fieldId`, `locale`, `keywords`) VALUES ('30', 'field', '10', 'zh', '');
INSERT INTO `craft_searchindex` (`elementId`, `attribute`, `fieldId`, `locale`, `keywords`) VALUES ('31', 'field', '1', 'en_au', ' form to go here ');
INSERT INTO `craft_searchindex` (`elementId`, `attribute`, `fieldId`, `locale`, `keywords`) VALUES ('31', 'field', '10', 'en_au', '');
INSERT INTO `craft_searchindex` (`elementId`, `attribute`, `fieldId`, `locale`, `keywords`) VALUES ('31', 'slug', '0', 'en_au', ' contact form ');
INSERT INTO `craft_searchindex` (`elementId`, `attribute`, `fieldId`, `locale`, `keywords`) VALUES ('31', 'title', '0', 'en_au', ' contact form ');
INSERT INTO `craft_searchindex` (`elementId`, `attribute`, `fieldId`, `locale`, `keywords`) VALUES ('31', 'field', '1', 'zh', ' form to go here ');
INSERT INTO `craft_searchindex` (`elementId`, `attribute`, `fieldId`, `locale`, `keywords`) VALUES ('31', 'field', '10', 'zh', '');
INSERT INTO `craft_searchindex` (`elementId`, `attribute`, `fieldId`, `locale`, `keywords`) VALUES ('31', 'field', '11', 'en_au', ' phone 0000 0000 phone 0000 0000 address 34 my street suburb tas 7250 address 34 my street suburb tas 7250 email your address com email your address com fax 0000 0000 fax 0000 0000 ');
INSERT INTO `craft_searchindex` (`elementId`, `attribute`, `fieldId`, `locale`, `keywords`) VALUES ('32', 'field', '12', 'en_au', ' phone ');
INSERT INTO `craft_searchindex` (`elementId`, `attribute`, `fieldId`, `locale`, `keywords`) VALUES ('32', 'field', '13', 'en_au', ' 0000 0000 ');
INSERT INTO `craft_searchindex` (`elementId`, `attribute`, `fieldId`, `locale`, `keywords`) VALUES ('32', 'slug', '0', 'en_au', '');
INSERT INTO `craft_searchindex` (`elementId`, `attribute`, `fieldId`, `locale`, `keywords`) VALUES ('32', 'field', '12', 'zh', ' phone ');
INSERT INTO `craft_searchindex` (`elementId`, `attribute`, `fieldId`, `locale`, `keywords`) VALUES ('32', 'field', '13', 'zh', ' 0000 0000 ');
INSERT INTO `craft_searchindex` (`elementId`, `attribute`, `fieldId`, `locale`, `keywords`) VALUES ('33', 'field', '12', 'en_au', ' email ');
INSERT INTO `craft_searchindex` (`elementId`, `attribute`, `fieldId`, `locale`, `keywords`) VALUES ('33', 'field', '13', 'en_au', ' user domain name ');
INSERT INTO `craft_searchindex` (`elementId`, `attribute`, `fieldId`, `locale`, `keywords`) VALUES ('33', 'slug', '0', 'en_au', '');
INSERT INTO `craft_searchindex` (`elementId`, `attribute`, `fieldId`, `locale`, `keywords`) VALUES ('33', 'field', '12', 'zh', ' email ');
INSERT INTO `craft_searchindex` (`elementId`, `attribute`, `fieldId`, `locale`, `keywords`) VALUES ('33', 'field', '13', 'zh', ' user domain name ');
INSERT INTO `craft_searchindex` (`elementId`, `attribute`, `fieldId`, `locale`, `keywords`) VALUES ('4', 'field', '5', 'zh', ' 1234 ');
INSERT INTO `craft_searchindex` (`elementId`, `attribute`, `fieldId`, `locale`, `keywords`) VALUES ('4', 'field', '4', 'zh', ' this is the title ');
INSERT INTO `craft_searchindex` (`elementId`, `attribute`, `fieldId`, `locale`, `keywords`) VALUES ('5', 'field', '6', 'zh', ' this is the image caption ');
INSERT INTO `craft_searchindex` (`elementId`, `attribute`, `fieldId`, `locale`, `keywords`) VALUES ('5', 'field', '7', 'zh', ' this is the image url ');
INSERT INTO `craft_searchindex` (`elementId`, `attribute`, `fieldId`, `locale`, `keywords`) VALUES ('6', 'field', '8', 'zh', ' pull quote author ');
INSERT INTO `craft_searchindex` (`elementId`, `attribute`, `fieldId`, `locale`, `keywords`) VALUES ('6', 'field', '9', 'zh', ' pull quote content ');
INSERT INTO `craft_searchindex` (`elementId`, `attribute`, `fieldId`, `locale`, `keywords`) VALUES ('7', 'field', '6', 'zh', ' image caption 2 ');
INSERT INTO `craft_searchindex` (`elementId`, `attribute`, `fieldId`, `locale`, `keywords`) VALUES ('7', 'field', '7', 'zh', ' this is the 2nd image url ');
INSERT INTO `craft_searchindex` (`elementId`, `attribute`, `fieldId`, `locale`, `keywords`) VALUES ('26', 'field', '1', 'zh_cn', ' 下载中心 您可下载数码照相机及其他影像设备的说明书、软件和固件 固件是指控制照相机和其他设备的内置软件 。继续操作前 请先阅读说明、注意事项以及下载和安装指示说明。无法进行未列出产品的相关下载。 ');
INSERT INTO `craft_searchindex` (`elementId`, `attribute`, `fieldId`, `locale`, `keywords`) VALUES ('26', 'slug', '0', 'zh_cn', ' about us ');
INSERT INTO `craft_searchindex` (`elementId`, `attribute`, `fieldId`, `locale`, `keywords`) VALUES ('26', 'title', '0', 'zh_cn', ' 机及其他 ');
INSERT INTO `craft_searchindex` (`elementId`, `attribute`, `fieldId`, `locale`, `keywords`) VALUES ('26', 'field', '10', 'zh_cn', '');
INSERT INTO `craft_searchindex` (`elementId`, `attribute`, `fieldId`, `locale`, `keywords`) VALUES ('27', 'field', '1', 'zh_cn', ' 这些下载条款及条件 协议 构成了您 个人或单个实体 和尼康公司 尼康 之间的法律协议 它规定了您下载尼康产品操作说明书 说明书 时应遵守的条款和条件。单击本页面中的 我同意 开始下载 按钮开始下载说明书 即表示您接受本协议并同意遵守本协议之条款。如果您不同意本协议的条款 您将无权下载本说明书。开始下载之前请先仔细阅读本协议。 ');
INSERT INTO `craft_searchindex` (`elementId`, `attribute`, `fieldId`, `locale`, `keywords`) VALUES ('27', 'field', '10', 'zh_cn', '');
INSERT INTO `craft_searchindex` (`elementId`, `attribute`, `fieldId`, `locale`, `keywords`) VALUES ('28', 'field', '1', 'zh_cn', '');
INSERT INTO `craft_searchindex` (`elementId`, `attribute`, `fieldId`, `locale`, `keywords`) VALUES ('28', 'field', '10', 'zh_cn', '');
INSERT INTO `craft_searchindex` (`elementId`, `attribute`, `fieldId`, `locale`, `keywords`) VALUES ('29', 'field', '1', 'zh_cn', ' nulla vulputate eleifend turpis ut efficitur praesent quis pellentesque dolor nulla eget tellus quis velit iaculis facilisis eget in diam vivamus sed cursus felis morbi ut metus sed neque tincidunt viverra sed vel nunc nunc sodales lorem non mi lacinia eu tincidunt elit pulvinar sed rhoncus egestas commodo suspendisse egestas eros eget sapien molestie sit amet vulputate magna volutpat sed vehicula sodales libero at volutpat dui ultrices vitae suspendisse ante nulla consectetur a ultricies sed scelerisque quis turpis donec rutrum mi dui tempus consectetur est hendrerit ut curabitur eget turpis id est dapibus sodales sed at risus sed eu euismod libero ut lectus neque sodales et ipsum ut fermentum accumsan massa donec mollis quam non luctus blandit nisl est sagittis lacus eget hendrerit ante dolor sed dui ');
INSERT INTO `craft_searchindex` (`elementId`, `attribute`, `fieldId`, `locale`, `keywords`) VALUES ('29', 'field', '10', 'zh_cn', '');
INSERT INTO `craft_searchindex` (`elementId`, `attribute`, `fieldId`, `locale`, `keywords`) VALUES ('30', 'field', '1', 'zh_cn', ' p 03 0000 0000f 03 0000 0000a 000 somewhere stlaunceston tas 7250 ');
INSERT INTO `craft_searchindex` (`elementId`, `attribute`, `fieldId`, `locale`, `keywords`) VALUES ('30', 'field', '10', 'zh_cn', '');
INSERT INTO `craft_searchindex` (`elementId`, `attribute`, `fieldId`, `locale`, `keywords`) VALUES ('31', 'field', '1', 'zh_cn', ' form to go here ');
INSERT INTO `craft_searchindex` (`elementId`, `attribute`, `fieldId`, `locale`, `keywords`) VALUES ('31', 'field', '11', 'zh_cn', ' phone 0000 0000 phone 0000 0000 address 34 my street suburb tas 7250 address 34 my street suburb tas 7250 email your address com email your address com fax 0000 0000 fax 0000 0000 ');
INSERT INTO `craft_searchindex` (`elementId`, `attribute`, `fieldId`, `locale`, `keywords`) VALUES ('2', 'field', '1', 'zh_cn', ' 下载中心下载中心下载中心下载中心下载中心下载中心下载中心下载中心下载中心下载中心下载中心下载中心下载中心下载中心下载中心下载中心下载中心 ');
INSERT INTO `craft_searchindex` (`elementId`, `attribute`, `fieldId`, `locale`, `keywords`) VALUES ('2', 'slug', '0', 'zh_cn', ' homepage ');
INSERT INTO `craft_searchindex` (`elementId`, `attribute`, `fieldId`, `locale`, `keywords`) VALUES ('2', 'title', '0', 'zh_cn', ' 下载中心 ');
INSERT INTO `craft_searchindex` (`elementId`, `attribute`, `fieldId`, `locale`, `keywords`) VALUES ('27', 'slug', '0', 'zh_cn', ' our company ');
INSERT INTO `craft_searchindex` (`elementId`, `attribute`, `fieldId`, `locale`, `keywords`) VALUES ('27', 'title', '0', 'zh_cn', ' 按钮开始下载 ');
INSERT INTO `craft_searchindex` (`elementId`, `attribute`, `fieldId`, `locale`, `keywords`) VALUES ('35', 'slug', '0', 'en_au', '');
INSERT INTO `craft_searchindex` (`elementId`, `attribute`, `fieldId`, `locale`, `keywords`) VALUES ('36', 'slug', '0', 'en_au', '');
INSERT INTO `craft_searchindex` (`elementId`, `attribute`, `fieldId`, `locale`, `keywords`) VALUES ('37', 'slug', '0', 'en_au', '');
INSERT INTO `craft_searchindex` (`elementId`, `attribute`, `fieldId`, `locale`, `keywords`) VALUES ('38', 'slug', '0', 'en_au', '');
INSERT INTO `craft_searchindex` (`elementId`, `attribute`, `fieldId`, `locale`, `keywords`) VALUES ('39', 'slug', '0', 'en_au', '');
INSERT INTO `craft_searchindex` (`elementId`, `attribute`, `fieldId`, `locale`, `keywords`) VALUES ('2', 'field', '3', 'zh_cn', '');
INSERT INTO `craft_searchindex` (`elementId`, `attribute`, `fieldId`, `locale`, `keywords`) VALUES ('2', 'field', '10', 'zh_cn', '');
INSERT INTO `craft_searchindex` (`elementId`, `attribute`, `fieldId`, `locale`, `keywords`) VALUES ('3', 'field', '1', 'zh_cn', ' craft is the cms that s powering madeforconstruction com it s beautiful powerful flexible and easy to use and it s made by pixel tonic we can t wait to dive in and see what it s capable of this is even more captivating content which you couldn t see on the news index page because it was entered after a page break and the news index template only likes to show the content on the first page craft a nice alternative to word if you re making a website ');
INSERT INTO `craft_searchindex` (`elementId`, `attribute`, `fieldId`, `locale`, `keywords`) VALUES ('3', 'field', '2', 'zh_cn', '');
INSERT INTO `craft_searchindex` (`elementId`, `attribute`, `fieldId`, `locale`, `keywords`) VALUES ('16', 'field', '1', 'zh_cn', ' entry content here ');
INSERT INTO `craft_searchindex` (`elementId`, `attribute`, `fieldId`, `locale`, `keywords`) VALUES ('16', 'field', '2', 'zh_cn', '');
INSERT INTO `craft_searchindex` (`elementId`, `attribute`, `fieldId`, `locale`, `keywords`) VALUES ('40', 'field', '1', 'en_au', '');
INSERT INTO `craft_searchindex` (`elementId`, `attribute`, `fieldId`, `locale`, `keywords`) VALUES ('40', 'field', '10', 'en_au', '');
INSERT INTO `craft_searchindex` (`elementId`, `attribute`, `fieldId`, `locale`, `keywords`) VALUES ('40', 'slug', '0', 'en_au', ' news redir ');
INSERT INTO `craft_searchindex` (`elementId`, `attribute`, `fieldId`, `locale`, `keywords`) VALUES ('40', 'title', '0', 'en_au', ' news ');
INSERT INTO `craft_searchindex` (`elementId`, `attribute`, `fieldId`, `locale`, `keywords`) VALUES ('40', 'field', '1', 'zh_cn', '');
INSERT INTO `craft_searchindex` (`elementId`, `attribute`, `fieldId`, `locale`, `keywords`) VALUES ('40', 'field', '10', 'zh_cn', '');
INSERT INTO `craft_searchindex` (`elementId`, `attribute`, `fieldId`, `locale`, `keywords`) VALUES ('40', 'field', '19', 'en_au', ' news ');
INSERT INTO `craft_searchindex` (`elementId`, `attribute`, `fieldId`, `locale`, `keywords`) VALUES ('40', 'field', '19', 'zh_cn', ' news ');
INSERT INTO `craft_searchindex` (`elementId`, `attribute`, `fieldId`, `locale`, `keywords`) VALUES ('41', 'field', '1', 'en_au', ' roin semper feugiat bibendum etiam varius hendrerit fermentum donec porttitor ultricies urna molestie faucibus lectus convallis eget vivamus non mauris ac tellus facilisis dictum donec sit amet libero sit amet libero placerat scelerisque a auctor metus nullam orci ante venenatis sit amet velit eget pellentesque egestas nunc class aptent taciti sociosqu ad litora torquent per conubia nostra per inceptos himenaeos cras sed nisl eros ');
INSERT INTO `craft_searchindex` (`elementId`, `attribute`, `fieldId`, `locale`, `keywords`) VALUES ('41', 'field', '10', 'en_au', '');
INSERT INTO `craft_searchindex` (`elementId`, `attribute`, `fieldId`, `locale`, `keywords`) VALUES ('41', 'slug', '0', 'en_au', ' ohands ');
INSERT INTO `craft_searchindex` (`elementId`, `attribute`, `fieldId`, `locale`, `keywords`) VALUES ('41', 'title', '0', 'en_au', ' oh s ');
INSERT INTO `craft_searchindex` (`elementId`, `attribute`, `fieldId`, `locale`, `keywords`) VALUES ('41', 'field', '1', 'zh_cn', ' roin semper feugiat bibendum etiam varius hendrerit fermentum donec porttitor ultricies urna molestie faucibus lectus convallis eget vivamus non mauris ac tellus facilisis dictum donec sit amet libero sit amet libero placerat scelerisque a auctor metus nullam orci ante venenatis sit amet velit eget pellentesque egestas nunc class aptent taciti sociosqu ad litora torquent per conubia nostra per inceptos himenaeos cras sed nisl eros ');
INSERT INTO `craft_searchindex` (`elementId`, `attribute`, `fieldId`, `locale`, `keywords`) VALUES ('41', 'field', '10', 'zh_cn', '');



DROP TABLE IF EXISTS `craft_sections`;


--
-- Schema for table `craft_sections`
--
CREATE TABLE `craft_sections` (
  `id` int(11) NOT NULL AUTO_INCREMENT,
  `structureId` int(11) DEFAULT NULL,
  `name` varchar(255) COLLATE utf8_unicode_ci NOT NULL,
  `handle` varchar(255) COLLATE utf8_unicode_ci NOT NULL,
  `type` enum('single','channel','structure') COLLATE utf8_unicode_ci NOT NULL DEFAULT 'channel',
  `hasUrls` tinyint(1) unsigned NOT NULL DEFAULT '1',
  `template` varchar(500) COLLATE utf8_unicode_ci DEFAULT NULL,
  `enableVersioning` tinyint(1) unsigned NOT NULL DEFAULT '0',
  `dateCreated` datetime NOT NULL,
  `dateUpdated` datetime NOT NULL,
  `uid` char(36) COLLATE utf8_unicode_ci NOT NULL DEFAULT '0',
  PRIMARY KEY (`id`),
  UNIQUE KEY `craft_sections_name_unq_idx` (`name`),
  UNIQUE KEY `craft_sections_handle_unq_idx` (`handle`),
  KEY `craft_sections_structureId_fk` (`structureId`)
) ENGINE=InnoDB AUTO_INCREMENT=6 DEFAULT CHARSET=utf8 COLLATE=utf8_unicode_ci;

--
-- Data for table `craft_sections`
--

INSERT INTO `craft_sections` (`id`, `structureId`, `name`, `handle`, `type`, `hasUrls`, `template`, `enableVersioning`, `dateCreated`, `dateUpdated`, `uid`) VALUES ('1', NULL, 'Homepage', 'homepage', 'single', '1', 'home', '1', '2015-08-23 09:32:13', '2015-09-19 10:52:53', '980e54b9-5540-4190-86be-62628c03dd34');
INSERT INTO `craft_sections` (`id`, `structureId`, `name`, `handle`, `type`, `hasUrls`, `template`, `enableVersioning`, `dateCreated`, `dateUpdated`, `uid`) VALUES ('2', NULL, 'News', 'news', 'channel', '1', 'news/_entry', '1', '2015-08-23 09:32:13', '2015-09-19 10:52:56', 'afc6890d-71e0-4243-861a-84c01cc5c596');
INSERT INTO `craft_sections` (`id`, `structureId`, `name`, `handle`, `type`, `hasUrls`, `template`, `enableVersioning`, `dateCreated`, `dateUpdated`, `uid`) VALUES ('4', '1', 'Site Content', 'siteContent', 'structure', '1', '_entrytypes', '1', '2015-09-17 06:50:54', '2015-09-19 10:52:59', '937acbb4-feee-4aca-b4bc-cbfefa23c4c6');



DROP TABLE IF EXISTS `craft_sections_i18n`;


--
-- Schema for table `craft_sections_i18n`
--
CREATE TABLE `craft_sections_i18n` (
  `id` int(11) NOT NULL AUTO_INCREMENT,
  `sectionId` int(11) NOT NULL,
  `locale` char(12) COLLATE utf8_unicode_ci NOT NULL,
  `enabledByDefault` tinyint(1) unsigned NOT NULL DEFAULT '1',
  `urlFormat` varchar(255) COLLATE utf8_unicode_ci DEFAULT NULL,
  `nestedUrlFormat` varchar(255) COLLATE utf8_unicode_ci DEFAULT NULL,
  `dateCreated` datetime NOT NULL,
  `dateUpdated` datetime NOT NULL,
  `uid` char(36) COLLATE utf8_unicode_ci NOT NULL DEFAULT '0',
  PRIMARY KEY (`id`),
  UNIQUE KEY `craft_sections_i18n_sectionId_locale_unq_idx` (`sectionId`,`locale`),
  KEY `craft_sections_i18n_locale_fk` (`locale`)
) ENGINE=InnoDB AUTO_INCREMENT=13 DEFAULT CHARSET=utf8 COLLATE=utf8_unicode_ci;

--
-- Data for table `craft_sections_i18n`
--

INSERT INTO `craft_sections_i18n` (`id`, `sectionId`, `locale`, `enabledByDefault`, `urlFormat`, `nestedUrlFormat`, `dateCreated`, `dateUpdated`, `uid`) VALUES ('1', '1', 'en_au', '1', '__home__', NULL, '2015-08-23 09:32:13', '2015-09-19 10:07:19', '953143b1-6683-45fd-b5d3-958274459070');
INSERT INTO `craft_sections_i18n` (`id`, `sectionId`, `locale`, `enabledByDefault`, `urlFormat`, `nestedUrlFormat`, `dateCreated`, `dateUpdated`, `uid`) VALUES ('2', '2', 'en_au', '1', 'news/{postDate.year}/{slug}', NULL, '2015-08-23 09:32:13', '2015-09-19 10:52:48', '7355a446-8516-40d0-a70e-449332369eaa');
INSERT INTO `craft_sections_i18n` (`id`, `sectionId`, `locale`, `enabledByDefault`, `urlFormat`, `nestedUrlFormat`, `dateCreated`, `dateUpdated`, `uid`) VALUES ('4', '4', 'en_au', '1', '{slug}', '{parent.uri}/{slug}', '2015-09-17 06:50:54', '2015-09-19 07:01:15', 'e607fa09-026e-4062-98b5-904f39e5f5b2');
INSERT INTO `craft_sections_i18n` (`id`, `sectionId`, `locale`, `enabledByDefault`, `urlFormat`, `nestedUrlFormat`, `dateCreated`, `dateUpdated`, `uid`) VALUES ('10', '4', 'zh_cn', '1', '{slug}', '{parent.uri}/{slug}', '2015-09-19 10:52:37', '2015-09-19 10:52:37', '88f1592b-54e0-4b9d-8af5-c6c8caeea768');
INSERT INTO `craft_sections_i18n` (`id`, `sectionId`, `locale`, `enabledByDefault`, `urlFormat`, `nestedUrlFormat`, `dateCreated`, `dateUpdated`, `uid`) VALUES ('11', '1', 'zh_cn', '1', '__home__', NULL, '2015-09-19 10:52:42', '2015-09-19 10:52:42', '3d56c6b6-f5c5-4fcb-ba1b-8abf28694a68');
INSERT INTO `craft_sections_i18n` (`id`, `sectionId`, `locale`, `enabledByDefault`, `urlFormat`, `nestedUrlFormat`, `dateCreated`, `dateUpdated`, `uid`) VALUES ('12', '2', 'zh_cn', '1', 'news/{slug}', NULL, '2015-09-19 10:52:48', '2015-09-19 10:52:48', '5a52e44f-50d9-4d41-b729-e79c3cb147dd');



DROP TABLE IF EXISTS `craft_sessions`;


--
-- Schema for table `craft_sessions`
--
CREATE TABLE `craft_sessions` (
  `id` int(11) NOT NULL AUTO_INCREMENT,
  `userId` int(11) NOT NULL,
  `token` char(100) COLLATE utf8_unicode_ci NOT NULL,
  `dateCreated` datetime NOT NULL,
  `dateUpdated` datetime NOT NULL,
  `uid` char(36) COLLATE utf8_unicode_ci NOT NULL DEFAULT '0',
  PRIMARY KEY (`id`),
  KEY `craft_sessions_uid_idx` (`uid`),
  KEY `craft_sessions_token_idx` (`token`),
  KEY `craft_sessions_dateUpdated_idx` (`dateUpdated`),
  KEY `craft_sessions_userId_fk` (`userId`)
) ENGINE=InnoDB AUTO_INCREMENT=32 DEFAULT CHARSET=utf8 COLLATE=utf8_unicode_ci;

DROP TABLE IF EXISTS `craft_shunnedmessages`;


--
-- Schema for table `craft_shunnedmessages`
--
CREATE TABLE `craft_shunnedmessages` (
  `id` int(11) NOT NULL AUTO_INCREMENT,
  `userId` int(11) NOT NULL,
  `message` varchar(255) COLLATE utf8_unicode_ci NOT NULL,
  `expiryDate` datetime DEFAULT NULL,
  `dateCreated` datetime NOT NULL,
  `dateUpdated` datetime NOT NULL,
  `uid` char(36) COLLATE utf8_unicode_ci NOT NULL DEFAULT '0',
  PRIMARY KEY (`id`),
  UNIQUE KEY `craft_shunnedmessages_userId_message_unq_idx` (`userId`,`message`)
) ENGINE=InnoDB DEFAULT CHARSET=utf8 COLLATE=utf8_unicode_ci;

DROP TABLE IF EXISTS `craft_structureelements`;


--
-- Schema for table `craft_structureelements`
--
CREATE TABLE `craft_structureelements` (
  `id` int(11) NOT NULL AUTO_INCREMENT,
  `structureId` int(11) NOT NULL,
  `elementId` int(11) DEFAULT NULL,
  `root` int(11) unsigned DEFAULT NULL,
  `lft` int(11) unsigned NOT NULL,
  `rgt` int(11) unsigned NOT NULL,
  `level` smallint(6) unsigned NOT NULL,
  `dateCreated` datetime NOT NULL,
  `dateUpdated` datetime NOT NULL,
  `uid` char(36) COLLATE utf8_unicode_ci NOT NULL DEFAULT '0',
  PRIMARY KEY (`id`),
  UNIQUE KEY `craft_structureelements_structureId_elementId_unq_idx` (`structureId`,`elementId`),
  KEY `craft_structureelements_root_idx` (`root`),
  KEY `craft_structureelements_lft_idx` (`lft`),
  KEY `craft_structureelements_rgt_idx` (`rgt`),
  KEY `craft_structureelements_level_idx` (`level`),
  KEY `craft_structureelements_elementId_fk` (`elementId`)
) ENGINE=InnoDB AUTO_INCREMENT=10 DEFAULT CHARSET=utf8 COLLATE=utf8_unicode_ci;

--
-- Data for table `craft_structureelements`
--

INSERT INTO `craft_structureelements` (`id`, `structureId`, `elementId`, `root`, `lft`, `rgt`, `level`, `dateCreated`, `dateUpdated`, `uid`) VALUES ('1', '1', NULL, '1', '1', '18', '0', '2015-09-17 06:51:13', '2015-09-17 06:51:13', '9dca9654-ff47-4a2a-8a8b-8d0526b1d22d');
INSERT INTO `craft_structureelements` (`id`, `structureId`, `elementId`, `root`, `lft`, `rgt`, `level`, `dateCreated`, `dateUpdated`, `uid`) VALUES ('2', '1', '26', '1', '2', '11', '1', '2015-09-17 06:51:13', '2015-09-17 06:51:13', '34a9c4e9-8479-4bf8-a498-db838fb34db2');
INSERT INTO `craft_structureelements` (`id`, `structureId`, `elementId`, `root`, `lft`, `rgt`, `level`, `dateCreated`, `dateUpdated`, `uid`) VALUES ('3', '1', '27', '1', '3', '4', '2', '2015-09-17 06:52:13', '2015-09-17 06:52:13', '3ae28b92-a82c-423f-8c94-299a7c8f9eb6');
INSERT INTO `craft_structureelements` (`id`, `structureId`, `elementId`, `root`, `lft`, `rgt`, `level`, `dateCreated`, `dateUpdated`, `uid`) VALUES ('4', '1', '28', '1', '5', '6', '2', '2015-09-19 02:25:33', '2015-09-19 02:25:33', '79baba89-e513-4c3f-b1e7-06c828fbb23e');
INSERT INTO `craft_structureelements` (`id`, `structureId`, `elementId`, `root`, `lft`, `rgt`, `level`, `dateCreated`, `dateUpdated`, `uid`) VALUES ('5', '1', '29', '1', '7', '8', '2', '2015-09-19 02:48:08', '2015-09-19 02:48:08', '52bbc4f9-2c58-4269-a79d-4cdc0b7db4d5');
INSERT INTO `craft_structureelements` (`id`, `structureId`, `elementId`, `root`, `lft`, `rgt`, `level`, `dateCreated`, `dateUpdated`, `uid`) VALUES ('6', '1', '30', '1', '14', '17', '1', '2015-09-19 03:46:58', '2015-09-19 03:46:58', 'c9d84439-8bc3-4099-b422-4651034f3dae');
INSERT INTO `craft_structureelements` (`id`, `structureId`, `elementId`, `root`, `lft`, `rgt`, `level`, `dateCreated`, `dateUpdated`, `uid`) VALUES ('7', '1', '31', '1', '15', '16', '2', '2015-09-19 03:48:30', '2015-09-19 03:48:30', '3d3f359c-a059-4e33-a9a7-0607a7b60fdb');
INSERT INTO `craft_structureelements` (`id`, `structureId`, `elementId`, `root`, `lft`, `rgt`, `level`, `dateCreated`, `dateUpdated`, `uid`) VALUES ('8', '1', '40', '1', '12', '13', '1', '2015-09-19 14:23:53', '2015-09-19 14:23:53', 'cd6eb715-ba56-4053-aa1e-7cef9be55c72');
INSERT INTO `craft_structureelements` (`id`, `structureId`, `elementId`, `root`, `lft`, `rgt`, `level`, `dateCreated`, `dateUpdated`, `uid`) VALUES ('9', '1', '41', '1', '9', '10', '2', '2015-09-19 14:29:58', '2015-09-19 14:29:58', '34c13ee5-fb1c-4f27-8172-f94b5cc7ff97');



DROP TABLE IF EXISTS `craft_structures`;


--
-- Schema for table `craft_structures`
--
CREATE TABLE `craft_structures` (
  `id` int(11) NOT NULL AUTO_INCREMENT,
  `maxLevels` smallint(6) unsigned DEFAULT NULL,
  `dateCreated` datetime NOT NULL,
  `dateUpdated` datetime NOT NULL,
  `uid` char(36) COLLATE utf8_unicode_ci NOT NULL DEFAULT '0',
  PRIMARY KEY (`id`)
) ENGINE=InnoDB AUTO_INCREMENT=2 DEFAULT CHARSET=utf8 COLLATE=utf8_unicode_ci;

--
-- Data for table `craft_structures`
--

INSERT INTO `craft_structures` (`id`, `maxLevels`, `dateCreated`, `dateUpdated`, `uid`) VALUES ('1', NULL, '2015-09-17 06:50:54', '2015-09-19 10:52:59', 'a2b70823-222b-4ad8-8ae7-1ebd776e5831');



DROP TABLE IF EXISTS `craft_systemsettings`;


--
-- Schema for table `craft_systemsettings`
--
CREATE TABLE `craft_systemsettings` (
  `id` int(11) NOT NULL AUTO_INCREMENT,
  `category` varchar(15) COLLATE utf8_unicode_ci NOT NULL,
  `settings` text COLLATE utf8_unicode_ci,
  `dateCreated` datetime NOT NULL,
  `dateUpdated` datetime NOT NULL,
  `uid` char(36) COLLATE utf8_unicode_ci NOT NULL DEFAULT '0',
  PRIMARY KEY (`id`),
  UNIQUE KEY `craft_systemsettings_category_unq_idx` (`category`)
) ENGINE=InnoDB AUTO_INCREMENT=2 DEFAULT CHARSET=utf8 COLLATE=utf8_unicode_ci;

--
-- Data for table `craft_systemsettings`
--

INSERT INTO `craft_systemsettings` (`id`, `category`, `settings`, `dateCreated`, `dateUpdated`, `uid`) VALUES ('1', 'email', '{\"protocol\":\"php\",\"emailAddress\":\"hello@nicklancaster.co\",\"senderName\":\"Made for Construction\"}', '2015-08-23 09:32:12', '2015-08-23 09:32:12', '83fdaba3-8430-478c-a83f-7b5bb65116de');



DROP TABLE IF EXISTS `craft_taggroups`;


--
-- Schema for table `craft_taggroups`
--
CREATE TABLE `craft_taggroups` (
  `id` int(11) NOT NULL AUTO_INCREMENT,
  `name` varchar(255) COLLATE utf8_unicode_ci NOT NULL,
  `handle` varchar(255) COLLATE utf8_unicode_ci NOT NULL,
  `fieldLayoutId` int(10) DEFAULT NULL,
  `dateCreated` datetime NOT NULL,
  `dateUpdated` datetime NOT NULL,
  `uid` char(36) COLLATE utf8_unicode_ci NOT NULL DEFAULT '0',
  PRIMARY KEY (`id`),
  UNIQUE KEY `craft_taggroups_name_unq_idx` (`name`),
  UNIQUE KEY `craft_taggroups_handle_unq_idx` (`handle`),
  KEY `craft_taggroups_fieldLayoutId_fk` (`fieldLayoutId`)
) ENGINE=InnoDB AUTO_INCREMENT=2 DEFAULT CHARSET=utf8 COLLATE=utf8_unicode_ci;

--
-- Data for table `craft_taggroups`
--

INSERT INTO `craft_taggroups` (`id`, `name`, `handle`, `fieldLayoutId`, `dateCreated`, `dateUpdated`, `uid`) VALUES ('1', 'Default', 'default', '1', '2015-08-23 09:32:13', '2015-08-23 09:32:13', '719e378c-abb9-4eb2-a700-6c58b6803f49');



DROP TABLE IF EXISTS `craft_tags`;


--
-- Schema for table `craft_tags`
--
CREATE TABLE `craft_tags` (
  `id` int(11) NOT NULL,
  `groupId` int(11) NOT NULL,
  `dateCreated` datetime NOT NULL,
  `dateUpdated` datetime NOT NULL,
  `uid` char(36) COLLATE utf8_unicode_ci NOT NULL DEFAULT '0',
  PRIMARY KEY (`id`),
  KEY `craft_tags_groupId_fk` (`groupId`)
) ENGINE=InnoDB DEFAULT CHARSET=utf8 COLLATE=utf8_unicode_ci;

DROP TABLE IF EXISTS `craft_tasks`;


--
-- Schema for table `craft_tasks`
--
CREATE TABLE `craft_tasks` (
  `id` int(11) NOT NULL AUTO_INCREMENT,
  `root` int(11) unsigned DEFAULT NULL,
  `lft` int(11) unsigned NOT NULL,
  `rgt` int(11) unsigned NOT NULL,
  `level` smallint(6) unsigned NOT NULL,
  `currentStep` int(11) unsigned DEFAULT NULL,
  `totalSteps` int(11) unsigned DEFAULT NULL,
  `status` enum('pending','error','running') COLLATE utf8_unicode_ci DEFAULT NULL,
  `type` varchar(150) COLLATE utf8_unicode_ci NOT NULL,
  `description` varchar(255) COLLATE utf8_unicode_ci DEFAULT NULL,
  `settings` text COLLATE utf8_unicode_ci,
  `dateCreated` datetime NOT NULL,
  `dateUpdated` datetime NOT NULL,
  `uid` char(36) COLLATE utf8_unicode_ci NOT NULL DEFAULT '0',
  PRIMARY KEY (`id`),
  KEY `craft_tasks_root_idx` (`root`),
  KEY `craft_tasks_lft_idx` (`lft`),
  KEY `craft_tasks_rgt_idx` (`rgt`),
  KEY `craft_tasks_level_idx` (`level`)
) ENGINE=InnoDB AUTO_INCREMENT=197 DEFAULT CHARSET=utf8 COLLATE=utf8_unicode_ci;

DROP TABLE IF EXISTS `craft_templatecachecriteria`;


--
-- Schema for table `craft_templatecachecriteria`
--
CREATE TABLE `craft_templatecachecriteria` (
  `id` int(11) NOT NULL AUTO_INCREMENT,
  `cacheId` int(11) NOT NULL,
  `type` varchar(150) COLLATE utf8_unicode_ci NOT NULL,
  `criteria` text COLLATE utf8_unicode_ci NOT NULL,
  PRIMARY KEY (`id`),
  KEY `craft_templatecachecriteria_cacheId_fk` (`cacheId`),
  KEY `craft_templatecachecriteria_type_idx` (`type`)
) ENGINE=InnoDB DEFAULT CHARSET=utf8 COLLATE=utf8_unicode_ci;

DROP TABLE IF EXISTS `craft_templatecacheelements`;


--
-- Schema for table `craft_templatecacheelements`
--
CREATE TABLE `craft_templatecacheelements` (
  `cacheId` int(11) NOT NULL,
  `elementId` int(11) NOT NULL,
  KEY `craft_templatecacheelements_cacheId_fk` (`cacheId`),
  KEY `craft_templatecacheelements_elementId_fk` (`elementId`)
) ENGINE=InnoDB DEFAULT CHARSET=utf8 COLLATE=utf8_unicode_ci;

DROP TABLE IF EXISTS `craft_templatecaches`;


--
-- Schema for table `craft_templatecaches`
--
CREATE TABLE `craft_templatecaches` (
  `id` int(11) NOT NULL AUTO_INCREMENT,
  `cacheKey` varchar(255) COLLATE utf8_unicode_ci NOT NULL,
  `locale` char(12) COLLATE utf8_unicode_ci NOT NULL,
  `path` varchar(255) COLLATE utf8_unicode_ci DEFAULT NULL,
  `expiryDate` datetime NOT NULL,
  `body` mediumtext COLLATE utf8_unicode_ci NOT NULL,
  PRIMARY KEY (`id`),
  KEY `craft_templatecaches_expiryDate_cacheKey_locale_path_idx` (`expiryDate`,`cacheKey`,`locale`,`path`),
  KEY `craft_templatecaches_locale_fk` (`locale`)
) ENGINE=InnoDB DEFAULT CHARSET=utf8 COLLATE=utf8_unicode_ci;

DROP TABLE IF EXISTS `craft_tokens`;


--
-- Schema for table `craft_tokens`
--
CREATE TABLE `craft_tokens` (
  `id` int(11) NOT NULL AUTO_INCREMENT,
  `token` char(32) COLLATE utf8_unicode_ci NOT NULL,
  `route` text COLLATE utf8_unicode_ci,
  `usageLimit` tinyint(3) unsigned DEFAULT NULL,
  `usageCount` tinyint(3) unsigned DEFAULT NULL,
  `expiryDate` datetime NOT NULL,
  `dateCreated` datetime NOT NULL,
  `dateUpdated` datetime NOT NULL,
  `uid` char(36) COLLATE utf8_unicode_ci NOT NULL DEFAULT '0',
  PRIMARY KEY (`id`),
  UNIQUE KEY `craft_tokens_token_unq_idx` (`token`),
  KEY `craft_tokens_expiryDate_idx` (`expiryDate`)
) ENGINE=InnoDB DEFAULT CHARSET=utf8 COLLATE=utf8_unicode_ci;

DROP TABLE IF EXISTS `craft_usergroups`;


--
-- Schema for table `craft_usergroups`
--
CREATE TABLE `craft_usergroups` (
  `id` int(11) NOT NULL AUTO_INCREMENT,
  `name` varchar(255) COLLATE utf8_unicode_ci NOT NULL,
  `handle` varchar(255) COLLATE utf8_unicode_ci NOT NULL,
  `dateCreated` datetime NOT NULL,
  `dateUpdated` datetime NOT NULL,
  `uid` char(36) COLLATE utf8_unicode_ci NOT NULL DEFAULT '0',
  PRIMARY KEY (`id`)
) ENGINE=InnoDB DEFAULT CHARSET=utf8 COLLATE=utf8_unicode_ci;

DROP TABLE IF EXISTS `craft_usergroups_users`;


--
-- Schema for table `craft_usergroups_users`
--
CREATE TABLE `craft_usergroups_users` (
  `id` int(11) NOT NULL AUTO_INCREMENT,
  `groupId` int(11) NOT NULL,
  `userId` int(11) NOT NULL,
  `dateCreated` datetime NOT NULL,
  `dateUpdated` datetime NOT NULL,
  `uid` char(36) COLLATE utf8_unicode_ci NOT NULL DEFAULT '0',
  PRIMARY KEY (`id`),
  UNIQUE KEY `craft_usergroups_users_groupId_userId_unq_idx` (`groupId`,`userId`),
  KEY `craft_usergroups_users_userId_fk` (`userId`)
) ENGINE=InnoDB DEFAULT CHARSET=utf8 COLLATE=utf8_unicode_ci;

DROP TABLE IF EXISTS `craft_userpermissions`;


--
-- Schema for table `craft_userpermissions`
--
CREATE TABLE `craft_userpermissions` (
  `id` int(11) NOT NULL AUTO_INCREMENT,
  `name` varchar(255) COLLATE utf8_unicode_ci NOT NULL,
  `dateCreated` datetime NOT NULL,
  `dateUpdated` datetime NOT NULL,
  `uid` char(36) COLLATE utf8_unicode_ci NOT NULL DEFAULT '0',
  PRIMARY KEY (`id`),
  UNIQUE KEY `craft_userpermissions_name_unq_idx` (`name`)
) ENGINE=InnoDB DEFAULT CHARSET=utf8 COLLATE=utf8_unicode_ci;

DROP TABLE IF EXISTS `craft_userpermissions_usergroups`;


--
-- Schema for table `craft_userpermissions_usergroups`
--
CREATE TABLE `craft_userpermissions_usergroups` (
  `id` int(11) NOT NULL AUTO_INCREMENT,
  `permissionId` int(11) NOT NULL,
  `groupId` int(11) NOT NULL,
  `dateCreated` datetime NOT NULL,
  `dateUpdated` datetime NOT NULL,
  `uid` char(36) COLLATE utf8_unicode_ci NOT NULL DEFAULT '0',
  PRIMARY KEY (`id`),
  UNIQUE KEY `craft_userpermissions_usergroups_permissionId_groupId_unq_idx` (`permissionId`,`groupId`),
  KEY `craft_userpermissions_usergroups_groupId_fk` (`groupId`)
) ENGINE=InnoDB DEFAULT CHARSET=utf8 COLLATE=utf8_unicode_ci;

DROP TABLE IF EXISTS `craft_userpermissions_users`;


--
-- Schema for table `craft_userpermissions_users`
--
CREATE TABLE `craft_userpermissions_users` (
  `id` int(11) NOT NULL AUTO_INCREMENT,
  `permissionId` int(11) NOT NULL,
  `userId` int(11) NOT NULL,
  `dateCreated` datetime NOT NULL,
  `dateUpdated` datetime NOT NULL,
  `uid` char(36) COLLATE utf8_unicode_ci NOT NULL DEFAULT '0',
  PRIMARY KEY (`id`),
  UNIQUE KEY `craft_userpermissions_users_permissionId_userId_unq_idx` (`permissionId`,`userId`),
  KEY `craft_userpermissions_users_userId_fk` (`userId`)
) ENGINE=InnoDB DEFAULT CHARSET=utf8 COLLATE=utf8_unicode_ci;

DROP TABLE IF EXISTS `craft_users`;


--
-- Schema for table `craft_users`
--
CREATE TABLE `craft_users` (
  `id` int(11) NOT NULL,
  `username` varchar(100) COLLATE utf8_unicode_ci NOT NULL,
  `photo` varchar(100) COLLATE utf8_unicode_ci DEFAULT NULL,
  `firstName` varchar(100) COLLATE utf8_unicode_ci DEFAULT NULL,
  `lastName` varchar(100) COLLATE utf8_unicode_ci DEFAULT NULL,
  `email` varchar(255) COLLATE utf8_unicode_ci NOT NULL,
  `password` char(255) COLLATE utf8_unicode_ci DEFAULT NULL,
  `preferredLocale` char(12) COLLATE utf8_unicode_ci DEFAULT NULL,
  `weekStartDay` tinyint(1) unsigned NOT NULL DEFAULT '0',
  `admin` tinyint(1) unsigned NOT NULL DEFAULT '0',
  `client` tinyint(1) unsigned NOT NULL DEFAULT '0',
  `locked` tinyint(1) unsigned NOT NULL DEFAULT '0',
  `suspended` tinyint(1) unsigned NOT NULL DEFAULT '0',
  `pending` tinyint(1) unsigned NOT NULL DEFAULT '0',
  `archived` tinyint(1) unsigned NOT NULL DEFAULT '0',
  `lastLoginDate` datetime DEFAULT NULL,
  `lastLoginAttemptIPAddress` varchar(45) COLLATE utf8_unicode_ci DEFAULT NULL,
  `invalidLoginWindowStart` datetime DEFAULT NULL,
  `invalidLoginCount` tinyint(4) unsigned DEFAULT NULL,
  `lastInvalidLoginDate` datetime DEFAULT NULL,
  `lockoutDate` datetime DEFAULT NULL,
  `verificationCode` char(100) COLLATE utf8_unicode_ci DEFAULT NULL,
  `verificationCodeIssuedDate` datetime DEFAULT NULL,
  `unverifiedEmail` varchar(255) COLLATE utf8_unicode_ci DEFAULT NULL,
  `passwordResetRequired` tinyint(1) unsigned NOT NULL DEFAULT '0',
  `lastPasswordChangeDate` datetime DEFAULT NULL,
  `dateCreated` datetime NOT NULL,
  `dateUpdated` datetime NOT NULL,
  `uid` char(36) COLLATE utf8_unicode_ci NOT NULL DEFAULT '0',
  PRIMARY KEY (`id`),
  UNIQUE KEY `craft_users_username_unq_idx` (`username`),
  UNIQUE KEY `craft_users_email_unq_idx` (`email`),
  KEY `craft_users_verificationCode_idx` (`verificationCode`),
  KEY `craft_users_uid_idx` (`uid`),
  KEY `craft_users_preferredLocale_fk` (`preferredLocale`)
) ENGINE=InnoDB DEFAULT CHARSET=utf8 COLLATE=utf8_unicode_ci;

--
-- Data for table `craft_users`
--

INSERT INTO `craft_users` (`id`, `username`, `photo`, `firstName`, `lastName`, `email`, `password`, `preferredLocale`, `weekStartDay`, `admin`, `client`, `locked`, `suspended`, `pending`, `archived`, `lastLoginDate`, `lastLoginAttemptIPAddress`, `invalidLoginWindowStart`, `invalidLoginCount`, `lastInvalidLoginDate`, `lockoutDate`, `verificationCode`, `verificationCodeIssuedDate`, `unverifiedEmail`, `passwordResetRequired`, `lastPasswordChangeDate`, `dateCreated`, `dateUpdated`, `uid`) VALUES ('1', 'wdadmin', NULL, 'Walker', 'Designs', 'webmaster@walkerdesigns.com.au', '$2y$13$OLDBSAmNDTEPyv6oCwXs1u7g05TZRKMojCnrnn4dWBoazGnoTqLTu', NULL, '0', '1', '0', '0', '0', '0', '0', '2015-09-19 13:18:04', '192.168.1.11', NULL, NULL, NULL, NULL, NULL, NULL, NULL, '0', '2015-08-31 23:54:29', '2015-08-23 09:32:11', '2015-09-19 13:18:04', '247ee208-3339-4d06-a623-a5983b5f2355');



DROP TABLE IF EXISTS `craft_widgets`;


--
-- Schema for table `craft_widgets`
--
CREATE TABLE `craft_widgets` (
  `id` int(11) NOT NULL AUTO_INCREMENT,
  `userId` int(11) NOT NULL,
  `type` varchar(150) COLLATE utf8_unicode_ci NOT NULL,
  `sortOrder` tinyint(4) DEFAULT NULL,
  `settings` text COLLATE utf8_unicode_ci,
  `enabled` tinyint(1) unsigned NOT NULL DEFAULT '1',
  `dateCreated` datetime NOT NULL,
  `dateUpdated` datetime NOT NULL,
  `uid` char(36) COLLATE utf8_unicode_ci NOT NULL DEFAULT '0',
  PRIMARY KEY (`id`),
  KEY `craft_widgets_userId_fk` (`userId`)
) ENGINE=InnoDB AUTO_INCREMENT=5 DEFAULT CHARSET=utf8 COLLATE=utf8_unicode_ci;

--
-- Data for table `craft_widgets`
--

INSERT INTO `craft_widgets` (`id`, `userId`, `type`, `sortOrder`, `settings`, `enabled`, `dateCreated`, `dateUpdated`, `uid`) VALUES ('1', '1', 'RecentEntries', '1', NULL, '1', '2015-08-23 09:32:20', '2015-08-23 09:32:20', 'e75a67d3-7aa6-4225-900a-2bf5084f8c1b');
INSERT INTO `craft_widgets` (`id`, `userId`, `type`, `sortOrder`, `settings`, `enabled`, `dateCreated`, `dateUpdated`, `uid`) VALUES ('2', '1', 'GetHelp', '2', NULL, '1', '2015-08-23 09:32:20', '2015-08-23 09:32:20', 'acdfee2c-8127-4a96-a7f5-fdaa670a924c');
INSERT INTO `craft_widgets` (`id`, `userId`, `type`, `sortOrder`, `settings`, `enabled`, `dateCreated`, `dateUpdated`, `uid`) VALUES ('3', '1', 'Updates', '3', NULL, '1', '2015-08-23 09:32:20', '2015-08-23 09:32:20', '82c6da85-a51f-4ce3-b4e5-d51e71f058b8');
INSERT INTO `craft_widgets` (`id`, `userId`, `type`, `sortOrder`, `settings`, `enabled`, `dateCreated`, `dateUpdated`, `uid`) VALUES ('4', '1', 'Feed', '4', '{\"url\":\"http:\\/\\/feeds.feedburner.com\\/blogandtonic\",\"title\":\"Blog & Tonic\"}', '1', '2015-08-23 09:32:20', '2015-08-23 09:32:20', 'cff7e395-8776-4c07-a7da-db22db7d53bb');


--
-- Constraints for tables
--


--
-- Constraints for table `craft_assetfiles`
--
ALTER TABLE `craft_assetfiles`
	ADD CONSTRAINT `craft_assetfiles_folderId_fk` FOREIGN KEY (`folderId`) REFERENCES `craft_assetfolders` (`id`) ON DELETE CASCADE,
	ADD CONSTRAINT `craft_assetfiles_id_fk` FOREIGN KEY (`id`) REFERENCES `craft_elements` (`id`) ON DELETE CASCADE,
	ADD CONSTRAINT `craft_assetfiles_sourceId_fk` FOREIGN KEY (`sourceId`) REFERENCES `craft_assetsources` (`id`) ON DELETE CASCADE;

--
-- Constraints for table `craft_assetfolders`
--
ALTER TABLE `craft_assetfolders`
	ADD CONSTRAINT `craft_assetfolders_parentId_fk` FOREIGN KEY (`parentId`) REFERENCES `craft_assetfolders` (`id`) ON DELETE CASCADE,
	ADD CONSTRAINT `craft_assetfolders_sourceId_fk` FOREIGN KEY (`sourceId`) REFERENCES `craft_assetsources` (`id`) ON DELETE CASCADE;

--
-- Constraints for table `craft_assetindexdata`
--
ALTER TABLE `craft_assetindexdata`
	ADD CONSTRAINT `craft_assetindexdata_sourceId_fk` FOREIGN KEY (`sourceId`) REFERENCES `craft_assetsources` (`id`) ON DELETE CASCADE;

--
-- Constraints for table `craft_assetsources`
--
ALTER TABLE `craft_assetsources`
	ADD CONSTRAINT `craft_assetsources_fieldLayoutId_fk` FOREIGN KEY (`fieldLayoutId`) REFERENCES `craft_fieldlayouts` (`id`) ON DELETE SET NULL;

--
-- Constraints for table `craft_categories`
--
ALTER TABLE `craft_categories`
	ADD CONSTRAINT `craft_categories_groupId_fk` FOREIGN KEY (`groupId`) REFERENCES `craft_categorygroups` (`id`) ON DELETE CASCADE,
	ADD CONSTRAINT `craft_categories_id_fk` FOREIGN KEY (`id`) REFERENCES `craft_elements` (`id`) ON DELETE CASCADE;

--
-- Constraints for table `craft_categorygroups`
--
ALTER TABLE `craft_categorygroups`
	ADD CONSTRAINT `craft_categorygroups_fieldLayoutId_fk` FOREIGN KEY (`fieldLayoutId`) REFERENCES `craft_fieldlayouts` (`id`) ON DELETE SET NULL,
	ADD CONSTRAINT `craft_categorygroups_structureId_fk` FOREIGN KEY (`structureId`) REFERENCES `craft_structures` (`id`) ON DELETE CASCADE;

--
-- Constraints for table `craft_categorygroups_i18n`
--
ALTER TABLE `craft_categorygroups_i18n`
	ADD CONSTRAINT `craft_categorygroups_i18n_groupId_fk` FOREIGN KEY (`groupId`) REFERENCES `craft_categorygroups` (`id`) ON DELETE CASCADE,
	ADD CONSTRAINT `craft_categorygroups_i18n_locale_fk` FOREIGN KEY (`locale`) REFERENCES `craft_locales` (`locale`) ON DELETE CASCADE ON UPDATE CASCADE;

--
-- Constraints for table `craft_content`
--
ALTER TABLE `craft_content`
	ADD CONSTRAINT `craft_content_elementId_fk` FOREIGN KEY (`elementId`) REFERENCES `craft_elements` (`id`) ON DELETE CASCADE,
	ADD CONSTRAINT `craft_content_locale_fk` FOREIGN KEY (`locale`) REFERENCES `craft_locales` (`locale`) ON DELETE CASCADE ON UPDATE CASCADE;

--
-- Constraints for table `craft_elements_i18n`
--
ALTER TABLE `craft_elements_i18n`
	ADD CONSTRAINT `craft_elements_i18n_elementId_fk` FOREIGN KEY (`elementId`) REFERENCES `craft_elements` (`id`) ON DELETE CASCADE,
	ADD CONSTRAINT `craft_elements_i18n_locale_fk` FOREIGN KEY (`locale`) REFERENCES `craft_locales` (`locale`) ON DELETE CASCADE ON UPDATE CASCADE;

--
-- Constraints for table `craft_emailmessages`
--
ALTER TABLE `craft_emailmessages`
	ADD CONSTRAINT `craft_emailmessages_locale_fk` FOREIGN KEY (`locale`) REFERENCES `craft_locales` (`locale`) ON DELETE CASCADE ON UPDATE CASCADE;

--
-- Constraints for table `craft_entries`
--
ALTER TABLE `craft_entries`
	ADD CONSTRAINT `craft_entries_authorId_fk` FOREIGN KEY (`authorId`) REFERENCES `craft_users` (`id`) ON DELETE CASCADE,
	ADD CONSTRAINT `craft_entries_id_fk` FOREIGN KEY (`id`) REFERENCES `craft_elements` (`id`) ON DELETE CASCADE,
	ADD CONSTRAINT `craft_entries_sectionId_fk` FOREIGN KEY (`sectionId`) REFERENCES `craft_sections` (`id`) ON DELETE CASCADE,
	ADD CONSTRAINT `craft_entries_typeId_fk` FOREIGN KEY (`typeId`) REFERENCES `craft_entrytypes` (`id`) ON DELETE CASCADE;

--
-- Constraints for table `craft_entrydrafts`
--
ALTER TABLE `craft_entrydrafts`
	ADD CONSTRAINT `craft_entrydrafts_creatorId_fk` FOREIGN KEY (`creatorId`) REFERENCES `craft_users` (`id`) ON DELETE CASCADE,
	ADD CONSTRAINT `craft_entrydrafts_entryId_fk` FOREIGN KEY (`entryId`) REFERENCES `craft_entries` (`id`) ON DELETE CASCADE,
	ADD CONSTRAINT `craft_entrydrafts_locale_fk` FOREIGN KEY (`locale`) REFERENCES `craft_locales` (`locale`) ON DELETE CASCADE ON UPDATE CASCADE,
	ADD CONSTRAINT `craft_entrydrafts_sectionId_fk` FOREIGN KEY (`sectionId`) REFERENCES `craft_sections` (`id`) ON DELETE CASCADE;

--
-- Constraints for table `craft_entrytypes`
--
ALTER TABLE `craft_entrytypes`
	ADD CONSTRAINT `craft_entrytypes_fieldLayoutId_fk` FOREIGN KEY (`fieldLayoutId`) REFERENCES `craft_fieldlayouts` (`id`) ON DELETE SET NULL,
	ADD CONSTRAINT `craft_entrytypes_sectionId_fk` FOREIGN KEY (`sectionId`) REFERENCES `craft_sections` (`id`) ON DELETE CASCADE;

--
-- Constraints for table `craft_entryversions`
--
ALTER TABLE `craft_entryversions`
	ADD CONSTRAINT `craft_entryversions_creatorId_fk` FOREIGN KEY (`creatorId`) REFERENCES `craft_users` (`id`) ON DELETE SET NULL,
	ADD CONSTRAINT `craft_entryversions_entryId_fk` FOREIGN KEY (`entryId`) REFERENCES `craft_entries` (`id`) ON DELETE CASCADE,
	ADD CONSTRAINT `craft_entryversions_locale_fk` FOREIGN KEY (`locale`) REFERENCES `craft_locales` (`locale`) ON DELETE CASCADE ON UPDATE CASCADE,
	ADD CONSTRAINT `craft_entryversions_sectionId_fk` FOREIGN KEY (`sectionId`) REFERENCES `craft_sections` (`id`) ON DELETE CASCADE;

--
-- Constraints for table `craft_fieldlayoutfields`
--
ALTER TABLE `craft_fieldlayoutfields`
	ADD CONSTRAINT `craft_fieldlayoutfields_fieldId_fk` FOREIGN KEY (`fieldId`) REFERENCES `craft_fields` (`id`) ON DELETE CASCADE,
	ADD CONSTRAINT `craft_fieldlayoutfields_layoutId_fk` FOREIGN KEY (`layoutId`) REFERENCES `craft_fieldlayouts` (`id`) ON DELETE CASCADE,
	ADD CONSTRAINT `craft_fieldlayoutfields_tabId_fk` FOREIGN KEY (`tabId`) REFERENCES `craft_fieldlayouttabs` (`id`) ON DELETE CASCADE;

--
-- Constraints for table `craft_fieldlayouttabs`
--
ALTER TABLE `craft_fieldlayouttabs`
	ADD CONSTRAINT `craft_fieldlayouttabs_layoutId_fk` FOREIGN KEY (`layoutId`) REFERENCES `craft_fieldlayouts` (`id`) ON DELETE CASCADE;

--
-- Constraints for table `craft_fields`
--
ALTER TABLE `craft_fields`
	ADD CONSTRAINT `craft_fields_groupId_fk` FOREIGN KEY (`groupId`) REFERENCES `craft_fieldgroups` (`id`) ON DELETE CASCADE;

--
-- Constraints for table `craft_formbuilder_entries`
--
ALTER TABLE `craft_formbuilder_entries`
	ADD CONSTRAINT `craft_formbuilder_entries_formId_fk` FOREIGN KEY (`formId`) REFERENCES `craft_formbuilder_forms` (`id`) ON DELETE CASCADE,
	ADD CONSTRAINT `craft_formbuilder_entries_id_fk` FOREIGN KEY (`id`) REFERENCES `craft_elements` (`id`) ON DELETE CASCADE;

--
-- Constraints for table `craft_formbuilder_forms`
--
ALTER TABLE `craft_formbuilder_forms`
	ADD CONSTRAINT `craft_formbuilder_forms_fieldLayoutId_fk` FOREIGN KEY (`fieldLayoutId`) REFERENCES `craft_fieldlayouts` (`id`) ON DELETE SET NULL;

--
-- Constraints for table `craft_globalsets`
--
ALTER TABLE `craft_globalsets`
	ADD CONSTRAINT `craft_globalsets_fieldLayoutId_fk` FOREIGN KEY (`fieldLayoutId`) REFERENCES `craft_fieldlayouts` (`id`) ON DELETE SET NULL,
	ADD CONSTRAINT `craft_globalsets_id_fk` FOREIGN KEY (`id`) REFERENCES `craft_elements` (`id`) ON DELETE CASCADE;

--
-- Constraints for table `craft_matrixblocks`
--
ALTER TABLE `craft_matrixblocks`
	ADD CONSTRAINT `craft_matrixblocks_fieldId_fk` FOREIGN KEY (`fieldId`) REFERENCES `craft_fields` (`id`) ON DELETE CASCADE,
	ADD CONSTRAINT `craft_matrixblocks_id_fk` FOREIGN KEY (`id`) REFERENCES `craft_elements` (`id`) ON DELETE CASCADE,
	ADD CONSTRAINT `craft_matrixblocks_ownerId_fk` FOREIGN KEY (`ownerId`) REFERENCES `craft_elements` (`id`) ON DELETE CASCADE,
	ADD CONSTRAINT `craft_matrixblocks_ownerLocale_fk` FOREIGN KEY (`ownerLocale`) REFERENCES `craft_locales` (`locale`) ON DELETE CASCADE ON UPDATE CASCADE,
	ADD CONSTRAINT `craft_matrixblocks_typeId_fk` FOREIGN KEY (`typeId`) REFERENCES `craft_matrixblocktypes` (`id`) ON DELETE CASCADE;

--
-- Constraints for table `craft_matrixblocktypes`
--
ALTER TABLE `craft_matrixblocktypes`
	ADD CONSTRAINT `craft_matrixblocktypes_fieldId_fk` FOREIGN KEY (`fieldId`) REFERENCES `craft_fields` (`id`) ON DELETE CASCADE,
	ADD CONSTRAINT `craft_matrixblocktypes_fieldLayoutId_fk` FOREIGN KEY (`fieldLayoutId`) REFERENCES `craft_fieldlayouts` (`id`) ON DELETE SET NULL;

--
-- Constraints for table `craft_matrixcontent_contactinformation`
--
ALTER TABLE `craft_matrixcontent_contactinformation`
	ADD CONSTRAINT `craft_matrixcontent_contactinformation_elementId_fk` FOREIGN KEY (`elementId`) REFERENCES `craft_elements` (`id`) ON DELETE CASCADE,
	ADD CONSTRAINT `craft_matrixcontent_contactinformation_locale_fk` FOREIGN KEY (`locale`) REFERENCES `craft_locales` (`locale`) ON DELETE CASCADE ON UPDATE CASCADE;

--
-- Constraints for table `craft_matrixcontent_homepagecontent`
--
ALTER TABLE `craft_matrixcontent_homepagecontent`
	ADD CONSTRAINT `craft_matrixcontent_homepagecontent_elementId_fk` FOREIGN KEY (`elementId`) REFERENCES `craft_elements` (`id`) ON DELETE CASCADE,
	ADD CONSTRAINT `craft_matrixcontent_homepagecontent_locale_fk` FOREIGN KEY (`locale`) REFERENCES `craft_locales` (`locale`) ON DELETE CASCADE ON UPDATE CASCADE;

--
-- Constraints for table `craft_migrations`
--
ALTER TABLE `craft_migrations`
	ADD CONSTRAINT `craft_migrations_pluginId_fk` FOREIGN KEY (`pluginId`) REFERENCES `craft_plugins` (`id`) ON DELETE CASCADE;

--
-- Constraints for table `craft_relations`
--
ALTER TABLE `craft_relations`
	ADD CONSTRAINT `craft_relations_fieldId_fk` FOREIGN KEY (`fieldId`) REFERENCES `craft_fields` (`id`) ON DELETE CASCADE,
	ADD CONSTRAINT `craft_relations_sourceId_fk` FOREIGN KEY (`sourceId`) REFERENCES `craft_elements` (`id`) ON DELETE CASCADE,
	ADD CONSTRAINT `craft_relations_sourceLocale_fk` FOREIGN KEY (`sourceLocale`) REFERENCES `craft_locales` (`locale`) ON DELETE CASCADE ON UPDATE CASCADE,
	ADD CONSTRAINT `craft_relations_targetId_fk` FOREIGN KEY (`targetId`) REFERENCES `craft_elements` (`id`) ON DELETE CASCADE;

--
-- Constraints for table `craft_routes`
--
ALTER TABLE `craft_routes`
	ADD CONSTRAINT `craft_routes_locale_fk` FOREIGN KEY (`locale`) REFERENCES `craft_locales` (`locale`) ON DELETE CASCADE ON UPDATE CASCADE;

--
-- Constraints for table `craft_sections`
--
ALTER TABLE `craft_sections`
	ADD CONSTRAINT `craft_sections_structureId_fk` FOREIGN KEY (`structureId`) REFERENCES `craft_structures` (`id`) ON DELETE SET NULL;

--
-- Constraints for table `craft_sections_i18n`
--
ALTER TABLE `craft_sections_i18n`
	ADD CONSTRAINT `craft_sections_i18n_locale_fk` FOREIGN KEY (`locale`) REFERENCES `craft_locales` (`locale`) ON DELETE CASCADE ON UPDATE CASCADE,
	ADD CONSTRAINT `craft_sections_i18n_sectionId_fk` FOREIGN KEY (`sectionId`) REFERENCES `craft_sections` (`id`) ON DELETE CASCADE;

--
-- Constraints for table `craft_sessions`
--
ALTER TABLE `craft_sessions`
	ADD CONSTRAINT `craft_sessions_userId_fk` FOREIGN KEY (`userId`) REFERENCES `craft_users` (`id`) ON DELETE CASCADE;

--
-- Constraints for table `craft_shunnedmessages`
--
ALTER TABLE `craft_shunnedmessages`
	ADD CONSTRAINT `craft_shunnedmessages_userId_fk` FOREIGN KEY (`userId`) REFERENCES `craft_users` (`id`) ON DELETE CASCADE;

--
-- Constraints for table `craft_structureelements`
--
ALTER TABLE `craft_structureelements`
	ADD CONSTRAINT `craft_structureelements_elementId_fk` FOREIGN KEY (`elementId`) REFERENCES `craft_elements` (`id`) ON DELETE CASCADE,
	ADD CONSTRAINT `craft_structureelements_structureId_fk` FOREIGN KEY (`structureId`) REFERENCES `craft_structures` (`id`) ON DELETE CASCADE;

--
-- Constraints for table `craft_taggroups`
--
ALTER TABLE `craft_taggroups`
	ADD CONSTRAINT `craft_taggroups_fieldLayoutId_fk` FOREIGN KEY (`fieldLayoutId`) REFERENCES `craft_fieldlayouts` (`id`) ON DELETE SET NULL;

--
-- Constraints for table `craft_tags`
--
ALTER TABLE `craft_tags`
	ADD CONSTRAINT `craft_tags_groupId_fk` FOREIGN KEY (`groupId`) REFERENCES `craft_taggroups` (`id`) ON DELETE CASCADE,
	ADD CONSTRAINT `craft_tags_id_fk` FOREIGN KEY (`id`) REFERENCES `craft_elements` (`id`) ON DELETE CASCADE;

--
-- Constraints for table `craft_templatecachecriteria`
--
ALTER TABLE `craft_templatecachecriteria`
	ADD CONSTRAINT `craft_templatecachecriteria_cacheId_fk` FOREIGN KEY (`cacheId`) REFERENCES `craft_templatecaches` (`id`) ON DELETE CASCADE;

--
-- Constraints for table `craft_templatecacheelements`
--
ALTER TABLE `craft_templatecacheelements`
	ADD CONSTRAINT `craft_templatecacheelements_cacheId_fk` FOREIGN KEY (`cacheId`) REFERENCES `craft_templatecaches` (`id`) ON DELETE CASCADE,
	ADD CONSTRAINT `craft_templatecacheelements_elementId_fk` FOREIGN KEY (`elementId`) REFERENCES `craft_elements` (`id`) ON DELETE CASCADE;

--
-- Constraints for table `craft_templatecaches`
--
ALTER TABLE `craft_templatecaches`
	ADD CONSTRAINT `craft_templatecaches_locale_fk` FOREIGN KEY (`locale`) REFERENCES `craft_locales` (`locale`) ON DELETE CASCADE ON UPDATE CASCADE;

--
-- Constraints for table `craft_usergroups_users`
--
ALTER TABLE `craft_usergroups_users`
	ADD CONSTRAINT `craft_usergroups_users_groupId_fk` FOREIGN KEY (`groupId`) REFERENCES `craft_usergroups` (`id`) ON DELETE CASCADE,
	ADD CONSTRAINT `craft_usergroups_users_userId_fk` FOREIGN KEY (`userId`) REFERENCES `craft_users` (`id`) ON DELETE CASCADE;

--
-- Constraints for table `craft_userpermissions_usergroups`
--
ALTER TABLE `craft_userpermissions_usergroups`
	ADD CONSTRAINT `craft_userpermissions_usergroups_groupId_fk` FOREIGN KEY (`groupId`) REFERENCES `craft_usergroups` (`id`) ON DELETE CASCADE,
	ADD CONSTRAINT `craft_userpermissions_usergroups_permissionId_fk` FOREIGN KEY (`permissionId`) REFERENCES `craft_userpermissions` (`id`) ON DELETE CASCADE;

--
-- Constraints for table `craft_userpermissions_users`
--
ALTER TABLE `craft_userpermissions_users`
	ADD CONSTRAINT `craft_userpermissions_users_permissionId_fk` FOREIGN KEY (`permissionId`) REFERENCES `craft_userpermissions` (`id`) ON DELETE CASCADE,
	ADD CONSTRAINT `craft_userpermissions_users_userId_fk` FOREIGN KEY (`userId`) REFERENCES `craft_users` (`id`) ON DELETE CASCADE;

--
-- Constraints for table `craft_users`
--
ALTER TABLE `craft_users`
	ADD CONSTRAINT `craft_users_id_fk` FOREIGN KEY (`id`) REFERENCES `craft_elements` (`id`) ON DELETE CASCADE,
	ADD CONSTRAINT `craft_users_preferredLocale_fk` FOREIGN KEY (`preferredLocale`) REFERENCES `craft_locales` (`locale`) ON DELETE SET NULL ON UPDATE CASCADE;

--
-- Constraints for table `craft_widgets`
--
ALTER TABLE `craft_widgets`
	ADD CONSTRAINT `craft_widgets_userId_fk` FOREIGN KEY (`userId`) REFERENCES `craft_users` (`id`) ON DELETE CASCADE;

SET FOREIGN_KEY_CHECKS = 1;
